{"sidebar-1":{"search-3":{"title":""},"wedding_popular_post-1":{"title":"Popular Posts","limit":"3","selected":"on"},"archives-3":{"title":"","count":0,"dropdown":0},"categories-3":{"title":"Category","count":1,"hierarchical":0,"dropdown":0},"tag_cloud-1":{"title":"Tags","taxonomy":"post_tag"}},"footer-1":{"text-1":{"title":"Wedding Vendor","text":"<p>At Wedding Vendor our purpose is to help people find great online network connecting wedding suppliers and wedding couples who use those suppliers.<a href=\"#\">Start Find Vendor!<\/a>\r\n<\/p>\r\n<a class=\"btn tp-btn-default tp-btn-lg\" href=\"#\">Find a Vendor<\/a>","filter":false}},"footer-2":{"text-2":{"title":"Useful links","text":"<ul class=\"listnone\">\r\n          <li><a href=\"#\">About Us<\/a><\/li>\r\n          <li><a href=\"#\">News<\/a><\/li>\r\n          <li><a href=\"#\">Career<\/a><\/li>\r\n          <li><a href=\"#\">Privacy Policy<\/a><\/li>\r\n          <li><a href=\"#\">Terms of Use<\/a><\/li>\r\n        <\/ul>","filter":false}},"footer-3":{"mc4wp_widget-1":{"title":"Newsletter"},"text-3":{"title":"Be Social & Stay Connected","text":"  <div class=\"social-icon\">        <ul class=\"listnone\">\r\n            <li><a href=\"#\"><i class=\"fa fa-facebook-square\"><\/i><\/a><\/li>\r\n            <li><a href=\"#\"><i class=\"fa fa-twitter-square\"><\/i><\/a><\/li>\r\n            <li><a href=\"#\"><i class=\"fa fa-google-plus-square\"><\/i><\/a><\/li>\r\n            <li><a href=\"#\"><i class=\"fa fa-instagram\"><\/i><\/a><\/li>\r\n            <li><a href=\"#\"><i class=\"fa fa-flickr\"><\/i><\/a><\/li>\r\n          <\/ul><\/div>","filter":false}}}