<?xml version="1.0" encoding="UTF-8" ?>
<!-- This is a WordPress eXtended RSS file generated by WordPress as an export of your site. -->
<!-- It contains information about your site's posts, pages, comments, categories, and other content. -->
<!-- You may use this file to transfer that content from one site to another. -->
<!-- This file is not intended to serve as a complete backup of your site. -->

<!-- To import this information into a WordPress site follow these steps: -->
<!-- 1. Log in to that site as an administrator. -->
<!-- 2. Go to Tools: Import in the WordPress admin panel. -->
<!-- 3. Install the "WordPress" importer from the list. -->
<!-- 4. Activate & Run Importer. -->
<!-- 5. Upload this file using the form provided on that page. -->
<!-- 6. You will first be asked to map the authors in this export file to users -->
<!--    on the site. For each author, you may choose to map to an -->
<!--    existing user on the site or to create a new user. -->
<!-- 7. WordPress will then import each of the posts, pages, comments, categories, etc. -->
<!--    contained in this file into your site. -->

<!-- generator="WordPress/4.6.1" created="2016-11-05 07:11" -->
<rss version="2.0"
	xmlns:excerpt="http://wordpress.org/export/1.2/excerpt/"
	xmlns:content="http://purl.org/rss/1.0/modules/content/"
	xmlns:wfw="http://wellformedweb.org/CommentAPI/"
	xmlns:dc="http://purl.org/dc/elements/1.1/"
	xmlns:wp="http://wordpress.org/export/1.2/"
>

<channel>
	<title>Test</title>
	<link>http://thegenius.co/wedding/demo</link>
	<description>Just another WordPress site</description>
	<pubDate>Sat, 05 Nov 2016 07:11:33 +0000</pubDate>
	<language>en-US</language>
	<wp:wxr_version>1.2</wp:wxr_version>
	<wp:base_site_url>http://thegenius.co/wedding/demo</wp:base_site_url>
	<wp:base_blog_url>http://thegenius.co/wedding/demo</wp:base_blog_url>

	<wp:author><wp:author_id>1</wp:author_id><wp:author_login><![CDATA[admin]]></wp:author_login><wp:author_email><![CDATA[udayraj.mscit@gmail.com]]></wp:author_email><wp:author_display_name><![CDATA[admin]]></wp:author_display_name><wp:author_first_name><![CDATA[]]></wp:author_first_name><wp:author_last_name><![CDATA[]]></wp:author_last_name></wp:author>


	<generator>https://wordpress.org/?v=4.6.1</generator>

	<item>
		<title>Contact form 1</title>
		<link>http://thegenius.co/wedding/demo/?post_type=wpcf7_contact_form&#038;p=4</link>
		<pubDate>Tue, 25 Oct 2016 13:23:16 +0000</pubDate>
		<dc:creator><![CDATA[admin]]></dc:creator>
		<guid isPermaLink="false">http://thegenius.co/wedding/demo/?post_type=wpcf7_contact_form&#038;p=4</guid>
		<description></description>
		<content:encoded><![CDATA[<p>Your Name (required)<br />
    [text* your-name] </p>

<p>Your Email (required)<br />
    [email* your-email] </p>

<p>Subject<br />
    [text your-subject] </p>

<p>Your Message<br />
    [textarea your-message] </p>

<p>[submit "Send"]</p>
Test "[your-subject]"
[your-name] <wordpress@jituchauhan.com>
From: [your-name] <[your-email]>
Subject: [your-subject]

Message Body:
[your-message]

--
This e-mail was sent from a contact form on Test (http://thegenius.co/wedding/demo)
sys.abdullah@gmail.com
Reply-To: [your-email]

0
0

Test "[your-subject]"
Test <wordpress@jituchauhan.com>
Message Body:
[your-message]

--
This e-mail was sent from a contact form on Test (http://thegenius.co/wedding/demo)
[your-email]
Reply-To: sys.abdullah@gmail.com

0
0
Thank you for your message. It has been sent.
There was an error trying to send your message. Please try again later.
One or more fields have an error. Please check and try again.
There was an error trying to send your message. Please try again later.
You must accept the terms and conditions before sending your message.
The field is required.
The field is too long.
The field is too short.]]></content:encoded>
		<excerpt:encoded><![CDATA[]]></excerpt:encoded>
		<wp:post_id>4</wp:post_id>
		<wp:post_date><![CDATA[2016-10-25 13:23:16]]></wp:post_date>
		<wp:post_date_gmt><![CDATA[2016-10-25 13:23:16]]></wp:post_date_gmt>
		<wp:comment_status><![CDATA[closed]]></wp:comment_status>
		<wp:ping_status><![CDATA[closed]]></wp:ping_status>
		<wp:post_name><![CDATA[contact-form-1]]></wp:post_name>
		<wp:status><![CDATA[publish]]></wp:status>
		<wp:post_parent>0</wp:post_parent>
		<wp:menu_order>0</wp:menu_order>
		<wp:post_type><![CDATA[wpcf7_contact_form]]></wp:post_type>
		<wp:post_password><![CDATA[]]></wp:post_password>
		<wp:is_sticky>0</wp:is_sticky>
		<wp:postmeta>
			<wp:meta_key><![CDATA[_form]]></wp:meta_key>
			<wp:meta_value><![CDATA[<p>Your Name (required)<br />
    [text* your-name] </p>

<p>Your Email (required)<br />
    [email* your-email] </p>

<p>Subject<br />
    [text your-subject] </p>

<p>Your Message<br />
    [textarea your-message] </p>

<p>[submit "Send"]</p>]]></wp:meta_value>
		</wp:postmeta>
		<wp:postmeta>
			<wp:meta_key><![CDATA[_mail]]></wp:meta_key>
			<wp:meta_value><![CDATA[a:8:{s:7:"subject";s:21:"Test "[your-subject]"";s:6:"sender";s:39:"[your-name] <wordpress@jituchauhan.com>";s:4:"body";s:180:"From: [your-name] <[your-email]>
Subject: [your-subject]

Message Body:
[your-message]

--
This e-mail was sent from a contact form on Test (http://thegenius.co/wedding/demo)";s:9:"recipient";s:22:"sys.abdullah@gmail.com";s:18:"additional_headers";s:22:"Reply-To: [your-email]";s:11:"attachments";s:0:"";s:8:"use_html";i:0;s:13:"exclude_blank";i:0;}]]></wp:meta_value>
		</wp:postmeta>
		<wp:postmeta>
			<wp:meta_key><![CDATA[_mail_2]]></wp:meta_key>
			<wp:meta_value><![CDATA[a:9:{s:6:"active";b:0;s:7:"subject";s:21:"Test "[your-subject]"";s:6:"sender";s:32:"Test <wordpress@jituchauhan.com>";s:4:"body";s:122:"Message Body:
[your-message]

--
This e-mail was sent from a contact form on Test (http://thegenius.co/wedding/demo)";s:9:"recipient";s:12:"[your-email]";s:18:"additional_headers";s:32:"Reply-To: sys.abdullah@gmail.com";s:11:"attachments";s:0:"";s:8:"use_html";i:0;s:13:"exclude_blank";i:0;}]]></wp:meta_value>
		</wp:postmeta>
		<wp:postmeta>
			<wp:meta_key><![CDATA[_messages]]></wp:meta_key>
			<wp:meta_value><![CDATA[a:8:{s:12:"mail_sent_ok";s:45:"Thank you for your message. It has been sent.";s:12:"mail_sent_ng";s:71:"There was an error trying to send your message. Please try again later.";s:16:"validation_error";s:61:"One or more fields have an error. Please check and try again.";s:4:"spam";s:71:"There was an error trying to send your message. Please try again later.";s:12:"accept_terms";s:69:"You must accept the terms and conditions before sending your message.";s:16:"invalid_required";s:22:"The field is required.";s:16:"invalid_too_long";s:22:"The field is too long.";s:17:"invalid_too_short";s:23:"The field is too short.";}]]></wp:meta_value>
		</wp:postmeta>
		<wp:postmeta>
			<wp:meta_key><![CDATA[_additional_settings]]></wp:meta_key>
			<wp:meta_value><![CDATA[]]></wp:meta_value>
		</wp:postmeta>
		<wp:postmeta>
			<wp:meta_key><![CDATA[_locale]]></wp:meta_key>
			<wp:meta_value><![CDATA[en_US]]></wp:meta_value>
		</wp:postmeta>
	</item>
	<item>
		<title>Contact form 1</title>
		<link>http://thegenius.co/wedding/demo/?post_type=wpcf7_contact_form&#038;p=6</link>
		<pubDate>Tue, 24 May 2016 10:11:14 +0000</pubDate>
		<dc:creator><![CDATA[admin]]></dc:creator>
		<guid isPermaLink="false">http://thegenius.co/wedding/demo/?post_type=wpcf7_contact_form&#038;p=4</guid>
		<description></description>
		<content:encoded><![CDATA[<p>Your Name (required)<br />
    [text* your-name] </p>

<p>Your Email (required)<br />
    [email* your-email] </p>

<p>Subject<br />
    [text your-subject] </p>

<p>Your Message<br />
    [textarea your-message] </p>

<p>[submit "Send"]</p>
Wedding Vendor "[your-subject]"
[your-name] <udayraj.mscit@gmail.com>
From: [your-name] <[your-email]>
Subject: [your-subject]

Message Body:
[your-message]

--
This e-mail was sent from a contact form on Wedding Vendor (http://thegenius.co/wedding/demo)
udayraj.mscit@gmail.com
Reply-To: [your-email]

0
0

Wedding Vendor "[your-subject]"
Wedding Vendor <udayraj.mscit@gmail.com>
Message Body:
[your-message]

--
This e-mail was sent from a contact form on Wedding Vendor (http://thegenius.co/wedding/demo)
[your-email]
Reply-To: udayraj.mscit@gmail.com

0
0
Thank you for your message. It has been sent.
There was an error trying to send your message. Please try again later.
One or more fields have an error. Please check and try again.
There was an error trying to send your message. Please try again later.
You must accept the terms and conditions before sending your message.
The field is required.
The field is too long.
The field is too short.]]></content:encoded>
		<excerpt:encoded><![CDATA[]]></excerpt:encoded>
		<wp:post_id>6</wp:post_id>
		<wp:post_date><![CDATA[2016-05-24 10:11:14]]></wp:post_date>
		<wp:post_date_gmt><![CDATA[2016-05-24 10:11:14]]></wp:post_date_gmt>
		<wp:comment_status><![CDATA[closed]]></wp:comment_status>
		<wp:ping_status><![CDATA[closed]]></wp:ping_status>
		<wp:post_name><![CDATA[contact-form-1-2]]></wp:post_name>
		<wp:status><![CDATA[publish]]></wp:status>
		<wp:post_parent>0</wp:post_parent>
		<wp:menu_order>0</wp:menu_order>
		<wp:post_type><![CDATA[wpcf7_contact_form]]></wp:post_type>
		<wp:post_password><![CDATA[]]></wp:post_password>
		<wp:is_sticky>0</wp:is_sticky>
		<wp:postmeta>
			<wp:meta_key><![CDATA[_form]]></wp:meta_key>
			<wp:meta_value><![CDATA[<p>Your Name (required)<br />
    [text* your-name] </p>

<p>Your Email (required)<br />
    [email* your-email] </p>

<p>Subject<br />
    [text your-subject] </p>

<p>Your Message<br />
    [textarea your-message] </p>

<p>[submit "Send"]</p>]]></wp:meta_value>
		</wp:postmeta>
		<wp:postmeta>
			<wp:meta_key><![CDATA[_mail]]></wp:meta_key>
			<wp:meta_value><![CDATA[]]></wp:meta_value>
		</wp:postmeta>
		<wp:postmeta>
			<wp:meta_key><![CDATA[_mail_2]]></wp:meta_key>
			<wp:meta_value><![CDATA[]]></wp:meta_value>
		</wp:postmeta>
		<wp:postmeta>
			<wp:meta_key><![CDATA[_messages]]></wp:meta_key>
			<wp:meta_value><![CDATA[a:8:{s:12:"mail_sent_ok";s:45:"Thank you for your message. It has been sent.";s:12:"mail_sent_ng";s:71:"There was an error trying to send your message. Please try again later.";s:16:"validation_error";s:61:"One or more fields have an error. Please check and try again.";s:4:"spam";s:71:"There was an error trying to send your message. Please try again later.";s:12:"accept_terms";s:69:"You must accept the terms and conditions before sending your message.";s:16:"invalid_required";s:22:"The field is required.";s:16:"invalid_too_long";s:22:"The field is too long.";s:17:"invalid_too_short";s:23:"The field is too short.";}]]></wp:meta_value>
		</wp:postmeta>
		<wp:postmeta>
			<wp:meta_key><![CDATA[_additional_settings]]></wp:meta_key>
			<wp:meta_value><![CDATA[]]></wp:meta_value>
		</wp:postmeta>
		<wp:postmeta>
			<wp:meta_key><![CDATA[_locale]]></wp:meta_key>
			<wp:meta_value><![CDATA[en_US]]></wp:meta_value>
		</wp:postmeta>
	</item>
	<item>
		<title>Contact Us</title>
		<link>http://thegenius.co/wedding/demo/?post_type=wpcf7_contact_form&#038;p=149</link>
		<pubDate>Wed, 25 May 2016 10:51:42 +0000</pubDate>
		<dc:creator><![CDATA[admin]]></dc:creator>
		<guid isPermaLink="false">http://thegenius.co/wedding/demo/?post_type=wpcf7_contact_form&#038;p=149</guid>
		<description></description>
		<content:encoded><![CDATA[<div class="well-box">
            <div class="form-group">
              <label for="first" class="control-label">First Name <span class="required">*</span></label>
              [text firstname id:firstname class:form-control class:input-md placeholder "First Name"]
            </div>
            
            <div class="form-group">
              <label for="lastname" class=" control-label">Last Name <span class="required">*</span></label>
                [text* lastname id:lastname class:form-control class:input-md placeholder "Last Name"]
            </div>
            
            <div class="form-group">
              <label for="email" class="control-label">E-Mail <span class="required">*</span></label>
              [email* email-128 id:email class:form-control class:input-md placeholder "Email"]
            </div>
            
            <div class="form-group">
              <label for="phone" class="control-label">Phone <span class="required">*</span></label>
              [tel* tel-244 class:form-control class:input-md "Phone"]
            </div>
            
            <div class="form-group">
              <label for="category" class="control-label">Category <span class="required">*</span></label>
              [select menu-859 id:category class:form-control  "Couple" "Vendor" "Advertisement" "Suggestion"]
            </div>
            
            <div class="form-group">
              <label for="message" class=" control-label">Message</label>
              [textarea message id:message class:form-control rows:5]
            </div>
            
            <div class="form-group">
[submit id:submit class:btn class:tp-btn-default class:tp-btn-lg "Submit"]
            </div>
        </div>
Wedding Vendor [firstname] [lastname][menu-859]
[your-name] <info@jituchauhan.com>
From: [your-name] <[email-128]>

First name : [firstname] 
Last name : [lastname]
Email : [email-128]
Phone : [tel-244]
Category : [menu-859]


Message Body:
[message]
--
This e-mail was sent from a contact form on Wedding Vendor (http://thegenius.co/wedding/demo)
udayraj.mscit@gmail.com
Reply-To: [email-128]




Wedding Vendor "[your-subject]"
Wedding Vendor <wordpress@jituchauhan.com>
Message Body:
[your-message]

--
This e-mail was sent from a contact form on Wedding Vendor (http://thegenius.co/wedding/demo)
[your-email]
Reply-To: udayraj.mscit@gmail.com



Thank you for your message. It has been sent.
There was an error trying to send your message. Please try again later.
One or more fields have an error. Please check and try again.
There was an error trying to send your message. Please try again later.
You must accept the terms and conditions before sending your message.
The field is required.
The field is too long.
The field is too short.
The date format is incorrect.
The date is before the earliest one allowed.
The date is after the latest one allowed.
There was an unknown error uploading the file.
You are not allowed to upload files of this type.
The file is too big.
There was an error uploading the file.
The number format is invalid.
The number is smaller than the minimum allowed.
The number is larger than the maximum allowed.
The answer to the quiz is incorrect.
Your entered code is incorrect.
The e-mail address entered is invalid.
The URL is invalid.
The telephone number is invalid.]]></content:encoded>
		<excerpt:encoded><![CDATA[]]></excerpt:encoded>
		<wp:post_id>149</wp:post_id>
		<wp:post_date><![CDATA[2016-05-25 10:51:42]]></wp:post_date>
		<wp:post_date_gmt><![CDATA[2016-05-25 10:51:42]]></wp:post_date_gmt>
		<wp:comment_status><![CDATA[closed]]></wp:comment_status>
		<wp:ping_status><![CDATA[closed]]></wp:ping_status>
		<wp:post_name><![CDATA[contact-us]]></wp:post_name>
		<wp:status><![CDATA[publish]]></wp:status>
		<wp:post_parent>0</wp:post_parent>
		<wp:menu_order>0</wp:menu_order>
		<wp:post_type><![CDATA[wpcf7_contact_form]]></wp:post_type>
		<wp:post_password><![CDATA[]]></wp:post_password>
		<wp:is_sticky>0</wp:is_sticky>
		<wp:postmeta>
			<wp:meta_key><![CDATA[_form]]></wp:meta_key>
			<wp:meta_value><![CDATA[<div class="well-box">
            <div class="form-group">
              <label for="first" class="control-label">First Name <span class="required">*</span></label>
              [text firstname id:firstname class:form-control class:input-md placeholder "First Name"]
            </div>
            
            <div class="form-group">
              <label for="lastname" class=" control-label">Last Name <span class="required">*</span></label>
                [text* lastname id:lastname class:form-control class:input-md placeholder "Last Name"]
            </div>
            
            <div class="form-group">
              <label for="email" class="control-label">E-Mail <span class="required">*</span></label>
              [email* email-128 id:email class:form-control class:input-md placeholder "Email"]
            </div>
            
            <div class="form-group">
              <label for="phone" class="control-label">Phone <span class="required">*</span></label>
              [tel* tel-244 class:form-control class:input-md "Phone"]
            </div>
            
            <div class="form-group">
              <label for="category" class="control-label">Category <span class="required">*</span></label>
              [select menu-859 id:category class:form-control  "Couple" "Vendor" "Advertisement" "Suggestion"]
            </div>
            
            <div class="form-group">
              <label for="message" class=" control-label">Message</label>
              [textarea message id:message class:form-control rows:5]
            </div>
            
            <div class="form-group">
[submit id:submit class:btn class:tp-btn-default class:tp-btn-lg "Submit"]
            </div>
        </div>]]></wp:meta_value>
		</wp:postmeta>
		<wp:postmeta>
			<wp:meta_key><![CDATA[_mail]]></wp:meta_key>
			<wp:meta_value><![CDATA[a:8:{s:7:"subject";s:47:"Wedding Vendor [firstname] [lastname][menu-859]";s:6:"sender";s:34:"[your-name] <info@jituchauhan.com>";s:4:"body";s:270:"From: [your-name] <[email-128]>

First name : [firstname] 
Last name : [lastname]
Email : [email-128]
Phone : [tel-244]
Category : [menu-859]


Message Body:
[message]
--
This e-mail was sent from a contact form on Wedding Vendor (http://thegenius.co/wedding/demo)";s:9:"recipient";s:23:"udayraj.mscit@gmail.com";s:18:"additional_headers";s:21:"Reply-To: [email-128]";s:11:"attachments";s:0:"";s:8:"use_html";b:0;s:13:"exclude_blank";b:0;}]]></wp:meta_value>
		</wp:postmeta>
		<wp:postmeta>
			<wp:meta_key><![CDATA[_mail_2]]></wp:meta_key>
			<wp:meta_value><![CDATA[a:9:{s:6:"active";b:0;s:7:"subject";s:31:"Wedding Vendor "[your-subject]"";s:6:"sender";s:42:"Wedding Vendor <wordpress@jituchauhan.com>";s:4:"body";s:132:"Message Body:
[your-message]

--
This e-mail was sent from a contact form on Wedding Vendor (http://thegenius.co/wedding/demo)";s:9:"recipient";s:12:"[your-email]";s:18:"additional_headers";s:33:"Reply-To: udayraj.mscit@gmail.com";s:11:"attachments";s:0:"";s:8:"use_html";b:0;s:13:"exclude_blank";b:0;}]]></wp:meta_value>
		</wp:postmeta>
		<wp:postmeta>
			<wp:meta_key><![CDATA[_messages]]></wp:meta_key>
			<wp:meta_value><![CDATA[a:23:{s:12:"mail_sent_ok";s:45:"Thank you for your message. It has been sent.";s:12:"mail_sent_ng";s:71:"There was an error trying to send your message. Please try again later.";s:16:"validation_error";s:61:"One or more fields have an error. Please check and try again.";s:4:"spam";s:71:"There was an error trying to send your message. Please try again later.";s:12:"accept_terms";s:69:"You must accept the terms and conditions before sending your message.";s:16:"invalid_required";s:22:"The field is required.";s:16:"invalid_too_long";s:22:"The field is too long.";s:17:"invalid_too_short";s:23:"The field is too short.";s:12:"invalid_date";s:29:"The date format is incorrect.";s:14:"date_too_early";s:44:"The date is before the earliest one allowed.";s:13:"date_too_late";s:41:"The date is after the latest one allowed.";s:13:"upload_failed";s:46:"There was an unknown error uploading the file.";s:24:"upload_file_type_invalid";s:49:"You are not allowed to upload files of this type.";s:21:"upload_file_too_large";s:20:"The file is too big.";s:23:"upload_failed_php_error";s:38:"There was an error uploading the file.";s:14:"invalid_number";s:29:"The number format is invalid.";s:16:"number_too_small";s:47:"The number is smaller than the minimum allowed.";s:16:"number_too_large";s:46:"The number is larger than the maximum allowed.";s:23:"quiz_answer_not_correct";s:36:"The answer to the quiz is incorrect.";s:17:"captcha_not_match";s:31:"Your entered code is incorrect.";s:13:"invalid_email";s:38:"The e-mail address entered is invalid.";s:11:"invalid_url";s:19:"The URL is invalid.";s:11:"invalid_tel";s:32:"The telephone number is invalid.";}]]></wp:meta_value>
		</wp:postmeta>
		<wp:postmeta>
			<wp:meta_key><![CDATA[_additional_settings]]></wp:meta_key>
			<wp:meta_value><![CDATA[]]></wp:meta_value>
		</wp:postmeta>
		<wp:postmeta>
			<wp:meta_key><![CDATA[_locale]]></wp:meta_key>
			<wp:meta_value><![CDATA[en_US]]></wp:meta_value>
		</wp:postmeta>
	</item>
</channel>
</rss>
