<?xml version="1.0" encoding="UTF-8" ?>
<!-- This is a WordPress eXtended RSS file generated by WordPress as an export of your site. -->
<!-- It contains information about your site's posts, pages, comments, categories, and other content. -->
<!-- You may use this file to transfer that content from one site to another. -->
<!-- This file is not intended to serve as a complete backup of your site. -->

<!-- To import this information into a WordPress site follow these steps: -->
<!-- 1. Log in to that site as an administrator. -->
<!-- 2. Go to Tools: Import in the WordPress admin panel. -->
<!-- 3. Install the "WordPress" importer from the list. -->
<!-- 4. Activate & Run Importer. -->
<!-- 5. Upload this file using the form provided on that page. -->
<!-- 6. You will first be asked to map the authors in this export file to users -->
<!--    on the site. For each author, you may choose to map to an -->
<!--    existing user on the site or to create a new user. -->
<!-- 7. WordPress will then import each of the posts, pages, comments, categories, etc. -->
<!--    contained in this file into your site. -->

<!-- generator="WordPress/4.6.1" created="2016-11-05 07:12" -->
<rss version="2.0"
	xmlns:excerpt="http://wordpress.org/export/1.2/excerpt/"
	xmlns:content="http://purl.org/rss/1.0/modules/content/"
	xmlns:wfw="http://wellformedweb.org/CommentAPI/"
	xmlns:dc="http://purl.org/dc/elements/1.1/"
	xmlns:wp="http://wordpress.org/export/1.2/"
>

<channel>
	<title>Test</title>
	<link>http://thegenius.co/wedding/demo</link>
	<description>Just another WordPress site</description>
	<pubDate>Sat, 05 Nov 2016 07:12:12 +0000</pubDate>
	<language>en-US</language>
	<wp:wxr_version>1.2</wp:wxr_version>
	<wp:base_site_url>http://thegenius.co/wedding/demo</wp:base_site_url>
	<wp:base_blog_url>http://thegenius.co/wedding/demo</wp:base_blog_url>

	<wp:author><wp:author_id>1</wp:author_id><wp:author_login><![CDATA[admin]]></wp:author_login><wp:author_email><![CDATA[udayraj.mscit@gmail.com]]></wp:author_email><wp:author_display_name><![CDATA[admin]]></wp:author_display_name><wp:author_first_name><![CDATA[]]></wp:author_first_name><wp:author_last_name><![CDATA[]]></wp:author_last_name></wp:author>


	<generator>https://wordpress.org/?v=4.6.1</generator>

	<item>
		<title>How many people can this location accommodate</title>
		<link>http://thegenius.co/wedding/demo/faq/how-many-people-can-this-location-accommodate/</link>
		<pubDate>Wed, 25 May 2016 10:58:43 +0000</pubDate>
		<dc:creator><![CDATA[admin]]></dc:creator>
		<guid isPermaLink="false">http://thegenius.co/wedding/demo/?post_type=faq&#038;p=155</guid>
		<description></description>
		<content:encoded><![CDATA[]]></content:encoded>
		<excerpt:encoded><![CDATA[]]></excerpt:encoded>
		<wp:post_id>155</wp:post_id>
		<wp:post_date><![CDATA[2016-05-25 10:58:43]]></wp:post_date>
		<wp:post_date_gmt><![CDATA[2016-05-25 10:58:43]]></wp:post_date_gmt>
		<wp:comment_status><![CDATA[closed]]></wp:comment_status>
		<wp:ping_status><![CDATA[closed]]></wp:ping_status>
		<wp:post_name><![CDATA[how-many-people-can-this-location-accommodate]]></wp:post_name>
		<wp:status><![CDATA[publish]]></wp:status>
		<wp:post_parent>0</wp:post_parent>
		<wp:menu_order>0</wp:menu_order>
		<wp:post_type><![CDATA[faq]]></wp:post_type>
		<wp:post_password><![CDATA[]]></wp:post_password>
		<wp:is_sticky>0</wp:is_sticky>
		<wp:postmeta>
			<wp:meta_key><![CDATA[answer_description]]></wp:meta_key>
			<wp:meta_value><![CDATA[When you are trying to select a venue for your wedding, Following are the key questions to ask before you decide to book your wedding venues.]]></wp:meta_value>
		</wp:postmeta>
		<wp:postmeta>
			<wp:meta_key><![CDATA[_wp_old_slug]]></wp:meta_key>
			<wp:meta_value><![CDATA[which-payment-methods-are-supported]]></wp:meta_value>
		</wp:postmeta>
		<wp:postmeta>
			<wp:meta_key><![CDATA[_wp_old_slug]]></wp:meta_key>
			<wp:meta_value><![CDATA[are-there-any-rules]]></wp:meta_value>
		</wp:postmeta>
	</item>
	<item>
		<title>Is ceremony rehersal Included</title>
		<link>http://thegenius.co/wedding/demo/faq/is-ceremony-rehersal-included/</link>
		<pubDate>Wed, 25 May 2016 10:59:04 +0000</pubDate>
		<dc:creator><![CDATA[admin]]></dc:creator>
		<guid isPermaLink="false">http://thegenius.co/wedding/demo/?post_type=faq&#038;p=156</guid>
		<description></description>
		<content:encoded><![CDATA[]]></content:encoded>
		<excerpt:encoded><![CDATA[]]></excerpt:encoded>
		<wp:post_id>156</wp:post_id>
		<wp:post_date><![CDATA[2016-05-25 10:59:04]]></wp:post_date>
		<wp:post_date_gmt><![CDATA[2016-05-25 10:59:04]]></wp:post_date_gmt>
		<wp:comment_status><![CDATA[closed]]></wp:comment_status>
		<wp:ping_status><![CDATA[closed]]></wp:ping_status>
		<wp:post_name><![CDATA[is-ceremony-rehersal-included]]></wp:post_name>
		<wp:status><![CDATA[publish]]></wp:status>
		<wp:post_parent>0</wp:post_parent>
		<wp:menu_order>0</wp:menu_order>
		<wp:post_type><![CDATA[faq]]></wp:post_type>
		<wp:post_password><![CDATA[]]></wp:post_password>
		<wp:is_sticky>0</wp:is_sticky>
		<wp:postmeta>
			<wp:meta_key><![CDATA[answer_description]]></wp:meta_key>
			<wp:meta_value><![CDATA[Duis eleifend efficitur nisleu facilisis In pellentesque suscipit finibusras luctus blanditest sitmet males uadasis its edeoelit laoreet mollis hendrerit a finibus utnunc suscipit sitametras cursus rutrum euismod ipsum.

When you are trying to select a venue for your wedding, Following are the key questions to ask before you decide to book your wedding venues.]]></wp:meta_value>
		</wp:postmeta>
		<wp:postmeta>
			<wp:meta_key><![CDATA[_wp_old_slug]]></wp:meta_key>
			<wp:meta_value><![CDATA[can-i-cancel-or-refund-my-subscription]]></wp:meta_value>
		</wp:postmeta>
	</item>
	<item>
		<title>How long do have the space</title>
		<link>http://thegenius.co/wedding/demo/faq/how-long-do-have-the-space/</link>
		<pubDate>Wed, 25 May 2016 10:59:21 +0000</pubDate>
		<dc:creator><![CDATA[admin]]></dc:creator>
		<guid isPermaLink="false">http://thegenius.co/wedding/demo/?post_type=faq&#038;p=157</guid>
		<description></description>
		<content:encoded><![CDATA[]]></content:encoded>
		<excerpt:encoded><![CDATA[]]></excerpt:encoded>
		<wp:post_id>157</wp:post_id>
		<wp:post_date><![CDATA[2016-05-25 10:59:21]]></wp:post_date>
		<wp:post_date_gmt><![CDATA[2016-05-25 10:59:21]]></wp:post_date_gmt>
		<wp:comment_status><![CDATA[closed]]></wp:comment_status>
		<wp:ping_status><![CDATA[closed]]></wp:ping_status>
		<wp:post_name><![CDATA[how-long-do-have-the-space]]></wp:post_name>
		<wp:status><![CDATA[publish]]></wp:status>
		<wp:post_parent>0</wp:post_parent>
		<wp:menu_order>0</wp:menu_order>
		<wp:post_type><![CDATA[faq]]></wp:post_type>
		<wp:post_password><![CDATA[]]></wp:post_password>
		<wp:is_sticky>0</wp:is_sticky>
		<wp:postmeta>
			<wp:meta_key><![CDATA[answer_description]]></wp:meta_key>
			<wp:meta_value><![CDATA[Sed lacinia lectus sedurna luctus interdumras commodo porttitor always faucibus Nullam sollicitudin ultriciesleo non viverra neque laoreet amazin consectetur nisl sedblandit turpis enimac urabitur.]]></wp:meta_value>
		</wp:postmeta>
		<wp:postmeta>
			<wp:meta_key><![CDATA[_wp_old_slug]]></wp:meta_key>
			<wp:meta_value><![CDATA[what-uisque-ulrices-eficiturn-interdum-justo]]></wp:meta_value>
		</wp:postmeta>
	</item>
	<item>
		<title>How many people can this location accommodate</title>
		<link>http://thegenius.co/wedding/demo/faq/how-many-people-can-this-location-accommodate-2/</link>
		<pubDate>Wed, 25 May 2016 10:59:59 +0000</pubDate>
		<dc:creator><![CDATA[admin]]></dc:creator>
		<guid isPermaLink="false">http://thegenius.co/wedding/demo/?post_type=faq&#038;p=159</guid>
		<description></description>
		<content:encoded><![CDATA[]]></content:encoded>
		<excerpt:encoded><![CDATA[]]></excerpt:encoded>
		<wp:post_id>159</wp:post_id>
		<wp:post_date><![CDATA[2016-05-25 10:59:59]]></wp:post_date>
		<wp:post_date_gmt><![CDATA[2016-05-25 10:59:59]]></wp:post_date_gmt>
		<wp:comment_status><![CDATA[closed]]></wp:comment_status>
		<wp:ping_status><![CDATA[closed]]></wp:ping_status>
		<wp:post_name><![CDATA[how-many-people-can-this-location-accommodate-2]]></wp:post_name>
		<wp:status><![CDATA[publish]]></wp:status>
		<wp:post_parent>0</wp:post_parent>
		<wp:menu_order>0</wp:menu_order>
		<wp:post_type><![CDATA[faq]]></wp:post_type>
		<wp:post_password><![CDATA[]]></wp:post_password>
		<wp:is_sticky>0</wp:is_sticky>
		<wp:postmeta>
			<wp:meta_key><![CDATA[answer_description]]></wp:meta_key>
			<wp:meta_value><![CDATA[Aenean varius ornare diamquis scelerisque. umsociis natoque penatibus etmagnis disarturientsitamet augue suscipit utfringilla velit sollicitudin In velest inturpis one sagittis interdu.]]></wp:meta_value>
		</wp:postmeta>
		<wp:postmeta>
			<wp:meta_key><![CDATA[_wp_old_slug]]></wp:meta_key>
			<wp:meta_value><![CDATA[why-tibulum-consectetur-lorem-sagittis]]></wp:meta_value>
		</wp:postmeta>
	</item>
	<item>
		<title>Is ceremony rehersal Included</title>
		<link>http://thegenius.co/wedding/demo/faq/is-ceremony-rehersal-included-2/</link>
		<pubDate>Wed, 25 May 2016 11:00:20 +0000</pubDate>
		<dc:creator><![CDATA[admin]]></dc:creator>
		<guid isPermaLink="false">http://thegenius.co/wedding/demo/?post_type=faq&#038;p=160</guid>
		<description></description>
		<content:encoded><![CDATA[]]></content:encoded>
		<excerpt:encoded><![CDATA[]]></excerpt:encoded>
		<wp:post_id>160</wp:post_id>
		<wp:post_date><![CDATA[2016-05-25 11:00:20]]></wp:post_date>
		<wp:post_date_gmt><![CDATA[2016-05-25 11:00:20]]></wp:post_date_gmt>
		<wp:comment_status><![CDATA[closed]]></wp:comment_status>
		<wp:ping_status><![CDATA[closed]]></wp:ping_status>
		<wp:post_name><![CDATA[is-ceremony-rehersal-included-2]]></wp:post_name>
		<wp:status><![CDATA[publish]]></wp:status>
		<wp:post_parent>0</wp:post_parent>
		<wp:menu_order>0</wp:menu_order>
		<wp:post_type><![CDATA[faq]]></wp:post_type>
		<wp:post_password><![CDATA[]]></wp:post_password>
		<wp:is_sticky>0</wp:is_sticky>
		<wp:postmeta>
			<wp:meta_key><![CDATA[answer_description]]></wp:meta_key>
			<wp:meta_value><![CDATA[Mauris metus leoelemetum condimentum tellus velornare dictum ligula uisque vestibulum molestieerat euleifend turpis fermentum quisras offer massaelit potentiorbi rhoncus pellen tesque exanibus. ]]></wp:meta_value>
		</wp:postmeta>
		<wp:postmeta>
			<wp:meta_key><![CDATA[_wp_old_slug]]></wp:meta_key>
			<wp:meta_value><![CDATA[how-ullam-diissim-nisiege-luctus-anteui]]></wp:meta_value>
		</wp:postmeta>
	</item>
	<item>
		<title>Are there any rules</title>
		<link>http://thegenius.co/wedding/demo/faq/why-sociis-natoque-magnis-diaturient-montes/</link>
		<pubDate>Wed, 25 May 2016 11:00:39 +0000</pubDate>
		<dc:creator><![CDATA[admin]]></dc:creator>
		<guid isPermaLink="false">http://thegenius.co/wedding/demo/?post_type=faq&#038;p=161</guid>
		<description></description>
		<content:encoded><![CDATA[]]></content:encoded>
		<excerpt:encoded><![CDATA[]]></excerpt:encoded>
		<wp:post_id>161</wp:post_id>
		<wp:post_date><![CDATA[2016-05-25 11:00:39]]></wp:post_date>
		<wp:post_date_gmt><![CDATA[2016-05-25 11:00:39]]></wp:post_date_gmt>
		<wp:comment_status><![CDATA[closed]]></wp:comment_status>
		<wp:ping_status><![CDATA[closed]]></wp:ping_status>
		<wp:post_name><![CDATA[why-sociis-natoque-magnis-diaturient-montes]]></wp:post_name>
		<wp:status><![CDATA[publish]]></wp:status>
		<wp:post_parent>0</wp:post_parent>
		<wp:menu_order>0</wp:menu_order>
		<wp:post_type><![CDATA[faq]]></wp:post_type>
		<wp:post_password><![CDATA[]]></wp:post_password>
		<wp:is_sticky>0</wp:is_sticky>
		<wp:postmeta>
			<wp:meta_key><![CDATA[answer_description]]></wp:meta_key>
			<wp:meta_value><![CDATA[When you are trying to select a venue for your wedding, Following are the key questions to ask before you decide to book your wedding venues.
<br /><br />
It is a long established fact that a reader will be distracted by the readable content of a page when looking ates its layout. The point of using lorem Ipsum is that it has a normal distribution of letters point of using lorem ipsu Ipsum to using content here content here making it look like readable english page editors now.]]></wp:meta_value>
		</wp:postmeta>
	</item>
</channel>
</rss>
