<?xml version="1.0" encoding="UTF-8" ?>
<!-- This is a WordPress eXtended RSS file generated by WordPress as an export of your site. -->
<!-- It contains information about your site's posts, pages, comments, categories, and other content. -->
<!-- You may use this file to transfer that content from one site to another. -->
<!-- This file is not intended to serve as a complete backup of your site. -->

<!-- To import this information into a WordPress site follow these steps: -->
<!-- 1. Log in to that site as an administrator. -->
<!-- 2. Go to Tools: Import in the WordPress admin panel. -->
<!-- 3. Install the "WordPress" importer from the list. -->
<!-- 4. Activate & Run Importer. -->
<!-- 5. Upload this file using the form provided on that page. -->
<!-- 6. You will first be asked to map the authors in this export file to users -->
<!--    on the site. For each author, you may choose to map to an -->
<!--    existing user on the site or to create a new user. -->
<!-- 7. WordPress will then import each of the posts, pages, comments, categories, etc. -->
<!--    contained in this file into your site. -->

<!-- generator="WordPress/4.6.1" created="2016-11-05 07:12" -->
<rss version="2.0"
	xmlns:excerpt="http://wordpress.org/export/1.2/excerpt/"
	xmlns:content="http://purl.org/rss/1.0/modules/content/"
	xmlns:wfw="http://wellformedweb.org/CommentAPI/"
	xmlns:dc="http://purl.org/dc/elements/1.1/"
	xmlns:wp="http://wordpress.org/export/1.2/"
>

<channel>
	<title>Test</title>
	<link>http://thegenius.co/wedding/demo</link>
	<description>Just another WordPress site</description>
	<pubDate>Sat, 05 Nov 2016 07:12:30 +0000</pubDate>
	<language>en-US</language>
	<wp:wxr_version>1.2</wp:wxr_version>
	<wp:base_site_url>http://thegenius.co/wedding/demo</wp:base_site_url>
	<wp:base_blog_url>http://thegenius.co/wedding/demo</wp:base_blog_url>

	<wp:author><wp:author_id>1</wp:author_id><wp:author_login><![CDATA[admin]]></wp:author_login><wp:author_email><![CDATA[udayraj.mscit@gmail.com]]></wp:author_email><wp:author_display_name><![CDATA[admin]]></wp:author_display_name><wp:author_first_name><![CDATA[]]></wp:author_first_name><wp:author_last_name><![CDATA[]]></wp:author_last_name></wp:author>
	<wp:author><wp:author_id>2</wp:author_id><wp:author_login><![CDATA[uday]]></wp:author_login><wp:author_email><![CDATA[udayraj.web@gmail.com]]></wp:author_email><wp:author_display_name><![CDATA[uday]]></wp:author_display_name><wp:author_first_name><![CDATA[uday]]></wp:author_first_name><wp:author_last_name><![CDATA[]]></wp:author_last_name></wp:author>


	<generator>https://wordpress.org/?v=4.6.1</generator>

	<item>
		<title>cycle-graphic</title>
		<link>http://thegenius.co/wedding/demo/cycle-graphic/</link>
		<pubDate>Fri, 27 May 2016 11:22:46 +0000</pubDate>
		<dc:creator><![CDATA[admin]]></dc:creator>
		<guid isPermaLink="false">http://thegenius.co/wedding/demo/wp-content/uploads/2016/05/cycle-graphic-1.png</guid>
		<description></description>
		<content:encoded><![CDATA[]]></content:encoded>
		<excerpt:encoded><![CDATA[]]></excerpt:encoded>
		<wp:post_id>419</wp:post_id>
		<wp:post_date><![CDATA[2016-05-27 11:22:46]]></wp:post_date>
		<wp:post_date_gmt><![CDATA[2016-05-27 11:22:46]]></wp:post_date_gmt>
		<wp:comment_status><![CDATA[open]]></wp:comment_status>
		<wp:ping_status><![CDATA[closed]]></wp:ping_status>
		<wp:post_name><![CDATA[cycle-graphic]]></wp:post_name>
		<wp:status><![CDATA[inherit]]></wp:status>
		<wp:post_parent>0</wp:post_parent>
		<wp:menu_order>0</wp:menu_order>
		<wp:post_type><![CDATA[attachment]]></wp:post_type>
		<wp:post_password><![CDATA[]]></wp:post_password>
		<wp:is_sticky>0</wp:is_sticky>
		<wp:attachment_url><![CDATA[http://thegenius.co/wedding/demo/wp-content/uploads/2016/05/cycle-graphic-1.png]]></wp:attachment_url>
		<wp:postmeta>
			<wp:meta_key><![CDATA[_wp_attached_file]]></wp:meta_key>
			<wp:meta_value><![CDATA[2016/05/cycle-graphic-1.png]]></wp:meta_value>
		</wp:postmeta>
		<wp:postmeta>
			<wp:meta_key><![CDATA[_wp_attachment_metadata]]></wp:meta_key>
			<wp:meta_value><![CDATA[a:5:{s:5:"width";i:497;s:6:"height";i:205;s:4:"file";s:27:"2016/05/cycle-graphic-1.png";s:5:"sizes";a:4:{s:9:"thumbnail";a:4:{s:4:"file";s:27:"cycle-graphic-1-150x150.png";s:5:"width";i:150;s:6:"height";i:150;s:9:"mime-type";s:9:"image/png";}s:6:"medium";a:4:{s:4:"file";s:27:"cycle-graphic-1-300x124.png";s:5:"width";i:300;s:6:"height";i:124;s:9:"mime-type";s:9:"image/png";}s:26:"weddingvendor_user_profile";a:4:{s:4:"file";s:27:"cycle-graphic-1-290x205.png";s:5:"width";i:290;s:6:"height";i:205;s:9:"mime-type";s:9:"image/png";}s:24:"weddingvendor_item_thumb";a:4:{s:4:"file";s:27:"cycle-graphic-1-440x205.png";s:5:"width";i:440;s:6:"height";i:205;s:9:"mime-type";s:9:"image/png";}}s:10:"image_meta";a:12:{s:8:"aperture";s:1:"0";s:6:"credit";s:0:"";s:6:"camera";s:0:"";s:7:"caption";s:0:"";s:17:"created_timestamp";s:1:"0";s:9:"copyright";s:0:"";s:12:"focal_length";s:1:"0";s:3:"iso";s:1:"0";s:13:"shutter_speed";s:1:"0";s:5:"title";s:0:"";s:11:"orientation";s:1:"0";s:8:"keywords";a:0:{}}}]]></wp:meta_value>
		</wp:postmeta>
	</item>
	<item>
		<title>founder</title>
		<link>http://thegenius.co/wedding/demo/founder-3/</link>
		<pubDate>Fri, 03 Jun 2016 18:05:20 +0000</pubDate>
		<dc:creator><![CDATA[admin]]></dc:creator>
		<guid isPermaLink="false">http://thegenius.co/wedding/demo/wp-content/uploads/2016/06/founder-1.jpg</guid>
		<description></description>
		<content:encoded><![CDATA[]]></content:encoded>
		<excerpt:encoded><![CDATA[]]></excerpt:encoded>
		<wp:post_id>683</wp:post_id>
		<wp:post_date><![CDATA[2016-06-03 18:05:20]]></wp:post_date>
		<wp:post_date_gmt><![CDATA[2016-06-03 18:05:20]]></wp:post_date_gmt>
		<wp:comment_status><![CDATA[open]]></wp:comment_status>
		<wp:ping_status><![CDATA[closed]]></wp:ping_status>
		<wp:post_name><![CDATA[founder-3]]></wp:post_name>
		<wp:status><![CDATA[inherit]]></wp:status>
		<wp:post_parent>0</wp:post_parent>
		<wp:menu_order>0</wp:menu_order>
		<wp:post_type><![CDATA[attachment]]></wp:post_type>
		<wp:post_password><![CDATA[]]></wp:post_password>
		<wp:is_sticky>0</wp:is_sticky>
		<wp:attachment_url><![CDATA[http://thegenius.co/wedding/demo/wp-content/uploads/2016/06/founder-1.jpg]]></wp:attachment_url>
		<wp:postmeta>
			<wp:meta_key><![CDATA[_wp_attached_file]]></wp:meta_key>
			<wp:meta_value><![CDATA[2016/06/founder-1.jpg]]></wp:meta_value>
		</wp:postmeta>
		<wp:postmeta>
			<wp:meta_key><![CDATA[_wp_attachment_metadata]]></wp:meta_key>
			<wp:meta_value><![CDATA[a:5:{s:5:"width";i:276;s:6:"height";i:276;s:4:"file";s:21:"2016/06/founder-1.jpg";s:5:"sizes";a:1:{s:9:"thumbnail";a:4:{s:4:"file";s:21:"founder-1-150x150.jpg";s:5:"width";i:150;s:6:"height";i:150;s:9:"mime-type";s:10:"image/jpeg";}}s:10:"image_meta";a:12:{s:8:"aperture";s:1:"0";s:6:"credit";s:0:"";s:6:"camera";s:0:"";s:7:"caption";s:0:"";s:17:"created_timestamp";s:1:"0";s:9:"copyright";s:0:"";s:12:"focal_length";s:1:"0";s:3:"iso";s:1:"0";s:13:"shutter_speed";s:1:"0";s:5:"title";s:0:"";s:11:"orientation";s:1:"0";s:8:"keywords";a:0:{}}}]]></wp:meta_value>
		</wp:postmeta>
	</item>
	<item>
		<title>profile-pic1</title>
		<link>http://thegenius.co/wedding/demo/profile-pic1/</link>
		<pubDate>Fri, 03 Jun 2016 18:07:41 +0000</pubDate>
		<dc:creator><![CDATA[admin]]></dc:creator>
		<guid isPermaLink="false">http://thegenius.co/wedding/demo/wp-content/uploads/2016/06/profile-pic1.jpg</guid>
		<description></description>
		<content:encoded><![CDATA[]]></content:encoded>
		<excerpt:encoded><![CDATA[]]></excerpt:encoded>
		<wp:post_id>685</wp:post_id>
		<wp:post_date><![CDATA[2016-06-03 18:07:41]]></wp:post_date>
		<wp:post_date_gmt><![CDATA[2016-06-03 18:07:41]]></wp:post_date_gmt>
		<wp:comment_status><![CDATA[open]]></wp:comment_status>
		<wp:ping_status><![CDATA[closed]]></wp:ping_status>
		<wp:post_name><![CDATA[profile-pic1]]></wp:post_name>
		<wp:status><![CDATA[inherit]]></wp:status>
		<wp:post_parent>0</wp:post_parent>
		<wp:menu_order>0</wp:menu_order>
		<wp:post_type><![CDATA[attachment]]></wp:post_type>
		<wp:post_password><![CDATA[]]></wp:post_password>
		<wp:is_sticky>0</wp:is_sticky>
		<wp:attachment_url><![CDATA[http://thegenius.co/wedding/demo/wp-content/uploads/2016/06/profile-pic1.jpg]]></wp:attachment_url>
		<wp:postmeta>
			<wp:meta_key><![CDATA[_wp_attached_file]]></wp:meta_key>
			<wp:meta_value><![CDATA[2016/06/profile-pic1.jpg]]></wp:meta_value>
		</wp:postmeta>
		<wp:postmeta>
			<wp:meta_key><![CDATA[_wp_attachment_metadata]]></wp:meta_key>
			<wp:meta_value><![CDATA[a:5:{s:5:"width";i:500;s:6:"height";i:500;s:4:"file";s:24:"2016/06/profile-pic1.jpg";s:5:"sizes";a:4:{s:9:"thumbnail";a:4:{s:4:"file";s:24:"profile-pic1-150x150.jpg";s:5:"width";i:150;s:6:"height";i:150;s:9:"mime-type";s:10:"image/jpeg";}s:6:"medium";a:4:{s:4:"file";s:24:"profile-pic1-300x300.jpg";s:5:"width";i:300;s:6:"height";i:300;s:9:"mime-type";s:10:"image/jpeg";}s:26:"weddingvendor_user_profile";a:4:{s:4:"file";s:24:"profile-pic1-290x290.jpg";s:5:"width";i:290;s:6:"height";i:290;s:9:"mime-type";s:10:"image/jpeg";}s:24:"weddingvendor_item_thumb";a:4:{s:4:"file";s:24:"profile-pic1-440x290.jpg";s:5:"width";i:440;s:6:"height";i:290;s:9:"mime-type";s:10:"image/jpeg";}}s:10:"image_meta";a:12:{s:8:"aperture";s:1:"0";s:6:"credit";s:0:"";s:6:"camera";s:0:"";s:7:"caption";s:0:"";s:17:"created_timestamp";s:1:"0";s:9:"copyright";s:0:"";s:12:"focal_length";s:1:"0";s:3:"iso";s:1:"0";s:13:"shutter_speed";s:1:"0";s:5:"title";s:0:"";s:11:"orientation";s:1:"0";s:8:"keywords";a:0:{}}}]]></wp:meta_value>
		</wp:postmeta>
	</item>
	<item>
		<title>wedding-placeholder-main-2</title>
		<link>http://thegenius.co/wedding/demo/wedding-placeholder-main-2-4/</link>
		<pubDate>Fri, 03 Jun 2016 18:30:11 +0000</pubDate>
		<dc:creator><![CDATA[admin]]></dc:creator>
		<guid isPermaLink="false">http://thegenius.co/wedding/demo/wp-content/uploads/2016/06/wedding-placeholder-main-2-3.jpg</guid>
		<description></description>
		<content:encoded><![CDATA[]]></content:encoded>
		<excerpt:encoded><![CDATA[]]></excerpt:encoded>
		<wp:post_id>723</wp:post_id>
		<wp:post_date><![CDATA[2016-06-03 18:30:11]]></wp:post_date>
		<wp:post_date_gmt><![CDATA[2016-06-03 18:30:11]]></wp:post_date_gmt>
		<wp:comment_status><![CDATA[open]]></wp:comment_status>
		<wp:ping_status><![CDATA[closed]]></wp:ping_status>
		<wp:post_name><![CDATA[wedding-placeholder-main-2-4]]></wp:post_name>
		<wp:status><![CDATA[inherit]]></wp:status>
		<wp:post_parent>0</wp:post_parent>
		<wp:menu_order>0</wp:menu_order>
		<wp:post_type><![CDATA[attachment]]></wp:post_type>
		<wp:post_password><![CDATA[]]></wp:post_password>
		<wp:is_sticky>0</wp:is_sticky>
		<wp:attachment_url><![CDATA[http://thegenius.co/wedding/demo/wp-content/uploads/2016/06/wedding-placeholder-main-2-3.jpg]]></wp:attachment_url>
		<wp:postmeta>
			<wp:meta_key><![CDATA[_wp_attached_file]]></wp:meta_key>
			<wp:meta_value><![CDATA[2016/06/wedding-placeholder-main-2-3.jpg]]></wp:meta_value>
		</wp:postmeta>
		<wp:postmeta>
			<wp:meta_key><![CDATA[_wp_attachment_metadata]]></wp:meta_key>
			<wp:meta_value><![CDATA[a:5:{s:5:"width";i:2000;s:6:"height";i:760;s:4:"file";s:40:"2016/06/wedding-placeholder-main-2-3.jpg";s:5:"sizes";a:7:{s:9:"thumbnail";a:4:{s:4:"file";s:40:"wedding-placeholder-main-2-3-150x150.jpg";s:5:"width";i:150;s:6:"height";i:150;s:9:"mime-type";s:10:"image/jpeg";}s:6:"medium";a:4:{s:4:"file";s:40:"wedding-placeholder-main-2-3-300x114.jpg";s:5:"width";i:300;s:6:"height";i:114;s:9:"mime-type";s:10:"image/jpeg";}s:12:"medium_large";a:4:{s:4:"file";s:40:"wedding-placeholder-main-2-3-768x292.jpg";s:5:"width";i:768;s:6:"height";i:292;s:9:"mime-type";s:10:"image/jpeg";}s:5:"large";a:4:{s:4:"file";s:41:"wedding-placeholder-main-2-3-1024x389.jpg";s:5:"width";i:1024;s:6:"height";i:389;s:9:"mime-type";s:10:"image/jpeg";}s:26:"weddingvendor_user_profile";a:4:{s:4:"file";s:40:"wedding-placeholder-main-2-3-290x290.jpg";s:5:"width";i:290;s:6:"height";i:290;s:9:"mime-type";s:10:"image/jpeg";}s:24:"weddingvendor_item_thumb";a:4:{s:4:"file";s:40:"wedding-placeholder-main-2-3-440x290.jpg";s:5:"width";i:440;s:6:"height";i:290;s:9:"mime-type";s:10:"image/jpeg";}s:24:"weddingvendor_hero_thumb";a:4:{s:4:"file";s:41:"wedding-placeholder-main-2-3-1900x600.jpg";s:5:"width";i:1900;s:6:"height";i:600;s:9:"mime-type";s:10:"image/jpeg";}}s:10:"image_meta";a:12:{s:8:"aperture";s:1:"0";s:6:"credit";s:0:"";s:6:"camera";s:0:"";s:7:"caption";s:0:"";s:17:"created_timestamp";s:1:"0";s:9:"copyright";s:0:"";s:12:"focal_length";s:1:"0";s:3:"iso";s:1:"0";s:13:"shutter_speed";s:1:"0";s:5:"title";s:0:"";s:11:"orientation";s:1:"0";s:8:"keywords";a:0:{}}}]]></wp:meta_value>
		</wp:postmeta>
	</item>
	<item>
		<title>profile-pic1</title>
		<link>http://thegenius.co/wedding/demo/profile-pic1-2/</link>
		<pubDate>Fri, 03 Jun 2016 18:56:54 +0000</pubDate>
		<dc:creator><![CDATA[admin]]></dc:creator>
		<guid isPermaLink="false">http://thegenius.co/wedding/demo/wp-content/uploads/2016/06/profile-pic1-1.jpg</guid>
		<description></description>
		<content:encoded><![CDATA[]]></content:encoded>
		<excerpt:encoded><![CDATA[]]></excerpt:encoded>
		<wp:post_id>740</wp:post_id>
		<wp:post_date><![CDATA[2016-06-03 18:56:54]]></wp:post_date>
		<wp:post_date_gmt><![CDATA[2016-06-03 18:56:54]]></wp:post_date_gmt>
		<wp:comment_status><![CDATA[open]]></wp:comment_status>
		<wp:ping_status><![CDATA[closed]]></wp:ping_status>
		<wp:post_name><![CDATA[profile-pic1-2]]></wp:post_name>
		<wp:status><![CDATA[inherit]]></wp:status>
		<wp:post_parent>0</wp:post_parent>
		<wp:menu_order>0</wp:menu_order>
		<wp:post_type><![CDATA[attachment]]></wp:post_type>
		<wp:post_password><![CDATA[]]></wp:post_password>
		<wp:is_sticky>0</wp:is_sticky>
		<wp:attachment_url><![CDATA[http://thegenius.co/wedding/demo/wp-content/uploads/2016/06/profile-pic1-1.jpg]]></wp:attachment_url>
		<wp:postmeta>
			<wp:meta_key><![CDATA[_wp_attached_file]]></wp:meta_key>
			<wp:meta_value><![CDATA[2016/06/profile-pic1-1.jpg]]></wp:meta_value>
		</wp:postmeta>
		<wp:postmeta>
			<wp:meta_key><![CDATA[_wp_attachment_metadata]]></wp:meta_key>
			<wp:meta_value><![CDATA[a:5:{s:5:"width";i:500;s:6:"height";i:500;s:4:"file";s:26:"2016/06/profile-pic1-1.jpg";s:5:"sizes";a:4:{s:9:"thumbnail";a:4:{s:4:"file";s:26:"profile-pic1-1-150x150.jpg";s:5:"width";i:150;s:6:"height";i:150;s:9:"mime-type";s:10:"image/jpeg";}s:6:"medium";a:4:{s:4:"file";s:26:"profile-pic1-1-300x300.jpg";s:5:"width";i:300;s:6:"height";i:300;s:9:"mime-type";s:10:"image/jpeg";}s:26:"weddingvendor_user_profile";a:4:{s:4:"file";s:26:"profile-pic1-1-290x290.jpg";s:5:"width";i:290;s:6:"height";i:290;s:9:"mime-type";s:10:"image/jpeg";}s:24:"weddingvendor_item_thumb";a:4:{s:4:"file";s:26:"profile-pic1-1-440x290.jpg";s:5:"width";i:440;s:6:"height";i:290;s:9:"mime-type";s:10:"image/jpeg";}}s:10:"image_meta";a:12:{s:8:"aperture";s:1:"0";s:6:"credit";s:0:"";s:6:"camera";s:0:"";s:7:"caption";s:0:"";s:17:"created_timestamp";s:1:"0";s:9:"copyright";s:0:"";s:12:"focal_length";s:1:"0";s:3:"iso";s:1:"0";s:13:"shutter_speed";s:1:"0";s:5:"title";s:0:"";s:11:"orientation";s:1:"0";s:8:"keywords";a:0:{}}}]]></wp:meta_value>
		</wp:postmeta>
	</item>
	<item>
		<title>wedding-placeholder-main-3</title>
		<link>http://thegenius.co/wedding/demo/wedding-placeholder-main-3-8/</link>
		<pubDate>Sat, 04 Jun 2016 01:33:08 +0000</pubDate>
		<dc:creator><![CDATA[admin]]></dc:creator>
		<guid isPermaLink="false">http://thegenius.co/wedding/demo/wp-content/uploads/2016/06/wedding-placeholder-main-3-7.jpg</guid>
		<description></description>
		<content:encoded><![CDATA[]]></content:encoded>
		<excerpt:encoded><![CDATA[]]></excerpt:encoded>
		<wp:post_id>742</wp:post_id>
		<wp:post_date><![CDATA[2016-06-04 01:33:08]]></wp:post_date>
		<wp:post_date_gmt><![CDATA[2016-06-04 01:33:08]]></wp:post_date_gmt>
		<wp:comment_status><![CDATA[open]]></wp:comment_status>
		<wp:ping_status><![CDATA[closed]]></wp:ping_status>
		<wp:post_name><![CDATA[wedding-placeholder-main-3-8]]></wp:post_name>
		<wp:status><![CDATA[inherit]]></wp:status>
		<wp:post_parent>0</wp:post_parent>
		<wp:menu_order>0</wp:menu_order>
		<wp:post_type><![CDATA[attachment]]></wp:post_type>
		<wp:post_password><![CDATA[]]></wp:post_password>
		<wp:is_sticky>0</wp:is_sticky>
		<wp:attachment_url><![CDATA[http://thegenius.co/wedding/demo/wp-content/uploads/2016/06/wedding-placeholder-main-3-7.jpg]]></wp:attachment_url>
		<wp:postmeta>
			<wp:meta_key><![CDATA[_wp_attached_file]]></wp:meta_key>
			<wp:meta_value><![CDATA[2016/06/wedding-placeholder-main-3-7.jpg]]></wp:meta_value>
		</wp:postmeta>
		<wp:postmeta>
			<wp:meta_key><![CDATA[_wp_attachment_metadata]]></wp:meta_key>
			<wp:meta_value><![CDATA[a:5:{s:5:"width";i:2000;s:6:"height";i:760;s:4:"file";s:40:"2016/06/wedding-placeholder-main-3-7.jpg";s:5:"sizes";a:7:{s:9:"thumbnail";a:4:{s:4:"file";s:40:"wedding-placeholder-main-3-7-150x150.jpg";s:5:"width";i:150;s:6:"height";i:150;s:9:"mime-type";s:10:"image/jpeg";}s:6:"medium";a:4:{s:4:"file";s:40:"wedding-placeholder-main-3-7-300x114.jpg";s:5:"width";i:300;s:6:"height";i:114;s:9:"mime-type";s:10:"image/jpeg";}s:12:"medium_large";a:4:{s:4:"file";s:40:"wedding-placeholder-main-3-7-768x292.jpg";s:5:"width";i:768;s:6:"height";i:292;s:9:"mime-type";s:10:"image/jpeg";}s:5:"large";a:4:{s:4:"file";s:41:"wedding-placeholder-main-3-7-1024x389.jpg";s:5:"width";i:1024;s:6:"height";i:389;s:9:"mime-type";s:10:"image/jpeg";}s:26:"weddingvendor_user_profile";a:4:{s:4:"file";s:40:"wedding-placeholder-main-3-7-290x290.jpg";s:5:"width";i:290;s:6:"height";i:290;s:9:"mime-type";s:10:"image/jpeg";}s:24:"weddingvendor_item_thumb";a:4:{s:4:"file";s:40:"wedding-placeholder-main-3-7-440x290.jpg";s:5:"width";i:440;s:6:"height";i:290;s:9:"mime-type";s:10:"image/jpeg";}s:24:"weddingvendor_hero_thumb";a:4:{s:4:"file";s:41:"wedding-placeholder-main-3-7-1900x600.jpg";s:5:"width";i:1900;s:6:"height";i:600;s:9:"mime-type";s:10:"image/jpeg";}}s:10:"image_meta";a:12:{s:8:"aperture";s:1:"0";s:6:"credit";s:0:"";s:6:"camera";s:0:"";s:7:"caption";s:0:"";s:17:"created_timestamp";s:1:"0";s:9:"copyright";s:0:"";s:12:"focal_length";s:1:"0";s:3:"iso";s:1:"0";s:13:"shutter_speed";s:1:"0";s:5:"title";s:0:"";s:11:"orientation";s:1:"0";s:8:"keywords";a:0:{}}}]]></wp:meta_value>
		</wp:postmeta>
	</item>
	<item>
		<title>profile-pic1</title>
		<link>http://thegenius.co/wedding/demo/profile-pic1-3/</link>
		<pubDate>Sat, 04 Jun 2016 01:35:46 +0000</pubDate>
		<dc:creator><![CDATA[admin]]></dc:creator>
		<guid isPermaLink="false">http://thegenius.co/wedding/demo/wp-content/uploads/2016/06/profile-pic1-2.jpg</guid>
		<description></description>
		<content:encoded><![CDATA[]]></content:encoded>
		<excerpt:encoded><![CDATA[]]></excerpt:encoded>
		<wp:post_id>747</wp:post_id>
		<wp:post_date><![CDATA[2016-06-04 01:35:46]]></wp:post_date>
		<wp:post_date_gmt><![CDATA[2016-06-04 01:35:46]]></wp:post_date_gmt>
		<wp:comment_status><![CDATA[open]]></wp:comment_status>
		<wp:ping_status><![CDATA[closed]]></wp:ping_status>
		<wp:post_name><![CDATA[profile-pic1-3]]></wp:post_name>
		<wp:status><![CDATA[inherit]]></wp:status>
		<wp:post_parent>0</wp:post_parent>
		<wp:menu_order>0</wp:menu_order>
		<wp:post_type><![CDATA[attachment]]></wp:post_type>
		<wp:post_password><![CDATA[]]></wp:post_password>
		<wp:is_sticky>0</wp:is_sticky>
		<wp:attachment_url><![CDATA[http://thegenius.co/wedding/demo/wp-content/uploads/2016/06/profile-pic1-2.jpg]]></wp:attachment_url>
		<wp:postmeta>
			<wp:meta_key><![CDATA[_wp_attached_file]]></wp:meta_key>
			<wp:meta_value><![CDATA[2016/06/profile-pic1-2.jpg]]></wp:meta_value>
		</wp:postmeta>
		<wp:postmeta>
			<wp:meta_key><![CDATA[_wp_attachment_metadata]]></wp:meta_key>
			<wp:meta_value><![CDATA[a:5:{s:5:"width";i:500;s:6:"height";i:500;s:4:"file";s:26:"2016/06/profile-pic1-2.jpg";s:5:"sizes";a:4:{s:9:"thumbnail";a:4:{s:4:"file";s:26:"profile-pic1-2-150x150.jpg";s:5:"width";i:150;s:6:"height";i:150;s:9:"mime-type";s:10:"image/jpeg";}s:6:"medium";a:4:{s:4:"file";s:26:"profile-pic1-2-300x300.jpg";s:5:"width";i:300;s:6:"height";i:300;s:9:"mime-type";s:10:"image/jpeg";}s:26:"weddingvendor_user_profile";a:4:{s:4:"file";s:26:"profile-pic1-2-290x290.jpg";s:5:"width";i:290;s:6:"height";i:290;s:9:"mime-type";s:10:"image/jpeg";}s:24:"weddingvendor_item_thumb";a:4:{s:4:"file";s:26:"profile-pic1-2-440x290.jpg";s:5:"width";i:440;s:6:"height";i:290;s:9:"mime-type";s:10:"image/jpeg";}}s:10:"image_meta";a:12:{s:8:"aperture";s:1:"0";s:6:"credit";s:0:"";s:6:"camera";s:0:"";s:7:"caption";s:0:"";s:17:"created_timestamp";s:1:"0";s:9:"copyright";s:0:"";s:12:"focal_length";s:1:"0";s:3:"iso";s:1:"0";s:13:"shutter_speed";s:1:"0";s:5:"title";s:0:"";s:11:"orientation";s:1:"0";s:8:"keywords";a:0:{}}}]]></wp:meta_value>
		</wp:postmeta>
	</item>
	<item>
		<title>wedding-placeholder-four</title>
		<link>http://thegenius.co/wedding/demo/wedding-placeholder-four-3/</link>
		<pubDate>Sat, 04 Jun 2016 01:46:10 +0000</pubDate>
		<dc:creator><![CDATA[admin]]></dc:creator>
		<guid isPermaLink="false">http://thegenius.co/wedding/demo/wp-content/uploads/2016/06/wedding-placeholder-four-2.jpg</guid>
		<description></description>
		<content:encoded><![CDATA[]]></content:encoded>
		<excerpt:encoded><![CDATA[]]></excerpt:encoded>
		<wp:post_id>768</wp:post_id>
		<wp:post_date><![CDATA[2016-06-04 01:46:10]]></wp:post_date>
		<wp:post_date_gmt><![CDATA[2016-06-04 01:46:10]]></wp:post_date_gmt>
		<wp:comment_status><![CDATA[open]]></wp:comment_status>
		<wp:ping_status><![CDATA[closed]]></wp:ping_status>
		<wp:post_name><![CDATA[wedding-placeholder-four-3]]></wp:post_name>
		<wp:status><![CDATA[inherit]]></wp:status>
		<wp:post_parent>0</wp:post_parent>
		<wp:menu_order>0</wp:menu_order>
		<wp:post_type><![CDATA[attachment]]></wp:post_type>
		<wp:post_password><![CDATA[]]></wp:post_password>
		<wp:is_sticky>0</wp:is_sticky>
		<wp:attachment_url><![CDATA[http://thegenius.co/wedding/demo/wp-content/uploads/2016/06/wedding-placeholder-four-2.jpg]]></wp:attachment_url>
		<wp:postmeta>
			<wp:meta_key><![CDATA[_wp_attached_file]]></wp:meta_key>
			<wp:meta_value><![CDATA[2016/06/wedding-placeholder-four-2.jpg]]></wp:meta_value>
		</wp:postmeta>
		<wp:postmeta>
			<wp:meta_key><![CDATA[_wp_attachment_metadata]]></wp:meta_key>
			<wp:meta_value><![CDATA[a:5:{s:5:"width";i:2000;s:6:"height";i:760;s:4:"file";s:38:"2016/06/wedding-placeholder-four-2.jpg";s:5:"sizes";a:7:{s:9:"thumbnail";a:4:{s:4:"file";s:38:"wedding-placeholder-four-2-150x150.jpg";s:5:"width";i:150;s:6:"height";i:150;s:9:"mime-type";s:10:"image/jpeg";}s:6:"medium";a:4:{s:4:"file";s:38:"wedding-placeholder-four-2-300x114.jpg";s:5:"width";i:300;s:6:"height";i:114;s:9:"mime-type";s:10:"image/jpeg";}s:12:"medium_large";a:4:{s:4:"file";s:38:"wedding-placeholder-four-2-768x292.jpg";s:5:"width";i:768;s:6:"height";i:292;s:9:"mime-type";s:10:"image/jpeg";}s:5:"large";a:4:{s:4:"file";s:39:"wedding-placeholder-four-2-1024x389.jpg";s:5:"width";i:1024;s:6:"height";i:389;s:9:"mime-type";s:10:"image/jpeg";}s:26:"weddingvendor_user_profile";a:4:{s:4:"file";s:38:"wedding-placeholder-four-2-290x290.jpg";s:5:"width";i:290;s:6:"height";i:290;s:9:"mime-type";s:10:"image/jpeg";}s:24:"weddingvendor_item_thumb";a:4:{s:4:"file";s:38:"wedding-placeholder-four-2-440x290.jpg";s:5:"width";i:440;s:6:"height";i:290;s:9:"mime-type";s:10:"image/jpeg";}s:24:"weddingvendor_hero_thumb";a:4:{s:4:"file";s:39:"wedding-placeholder-four-2-1900x600.jpg";s:5:"width";i:1900;s:6:"height";i:600;s:9:"mime-type";s:10:"image/jpeg";}}s:10:"image_meta";a:12:{s:8:"aperture";s:1:"0";s:6:"credit";s:0:"";s:6:"camera";s:0:"";s:7:"caption";s:0:"";s:17:"created_timestamp";s:1:"0";s:9:"copyright";s:0:"";s:12:"focal_length";s:1:"0";s:3:"iso";s:1:"0";s:13:"shutter_speed";s:1:"0";s:5:"title";s:0:"";s:11:"orientation";s:1:"0";s:8:"keywords";a:0:{}}}]]></wp:meta_value>
		</wp:postmeta>
	</item>
	<item>
		<title>post-pic-2-demo</title>
		<link>http://thegenius.co/wedding/demo/post-pic-2-demo/</link>
		<pubDate>Sat, 04 Jun 2016 01:53:08 +0000</pubDate>
		<dc:creator><![CDATA[admin]]></dc:creator>
		<guid isPermaLink="false">http://thegenius.co/wedding/demo/wp-content/uploads/2016/05/post-pic-2-demo.jpg</guid>
		<description></description>
		<content:encoded><![CDATA[]]></content:encoded>
		<excerpt:encoded><![CDATA[]]></excerpt:encoded>
		<wp:post_id>776</wp:post_id>
		<wp:post_date><![CDATA[2016-06-04 01:53:08]]></wp:post_date>
		<wp:post_date_gmt><![CDATA[2016-06-04 01:53:08]]></wp:post_date_gmt>
		<wp:comment_status><![CDATA[open]]></wp:comment_status>
		<wp:ping_status><![CDATA[closed]]></wp:ping_status>
		<wp:post_name><![CDATA[post-pic-2-demo]]></wp:post_name>
		<wp:status><![CDATA[inherit]]></wp:status>
		<wp:post_parent>0</wp:post_parent>
		<wp:menu_order>0</wp:menu_order>
		<wp:post_type><![CDATA[attachment]]></wp:post_type>
		<wp:post_password><![CDATA[]]></wp:post_password>
		<wp:is_sticky>0</wp:is_sticky>
		<wp:attachment_url><![CDATA[http://thegenius.co/wedding/demo/wp-content/uploads/2016/05/post-pic-2-demo.jpg]]></wp:attachment_url>
		<wp:postmeta>
			<wp:meta_key><![CDATA[_wp_attached_file]]></wp:meta_key>
			<wp:meta_value><![CDATA[2016/05/post-pic-2-demo.jpg]]></wp:meta_value>
		</wp:postmeta>
		<wp:postmeta>
			<wp:meta_key><![CDATA[_wp_attachment_metadata]]></wp:meta_key>
			<wp:meta_value><![CDATA[a:5:{s:5:"width";i:1200;s:6:"height";i:675;s:4:"file";s:27:"2016/05/post-pic-2-demo.jpg";s:5:"sizes";a:7:{s:9:"thumbnail";a:4:{s:4:"file";s:27:"post-pic-2-demo-150x150.jpg";s:5:"width";i:150;s:6:"height";i:150;s:9:"mime-type";s:10:"image/jpeg";}s:6:"medium";a:4:{s:4:"file";s:27:"post-pic-2-demo-300x169.jpg";s:5:"width";i:300;s:6:"height";i:169;s:9:"mime-type";s:10:"image/jpeg";}s:12:"medium_large";a:4:{s:4:"file";s:27:"post-pic-2-demo-768x432.jpg";s:5:"width";i:768;s:6:"height";i:432;s:9:"mime-type";s:10:"image/jpeg";}s:5:"large";a:4:{s:4:"file";s:28:"post-pic-2-demo-1024x576.jpg";s:5:"width";i:1024;s:6:"height";i:576;s:9:"mime-type";s:10:"image/jpeg";}s:26:"weddingvendor_user_profile";a:4:{s:4:"file";s:27:"post-pic-2-demo-290x290.jpg";s:5:"width";i:290;s:6:"height";i:290;s:9:"mime-type";s:10:"image/jpeg";}s:24:"weddingvendor_item_thumb";a:4:{s:4:"file";s:27:"post-pic-2-demo-440x290.jpg";s:5:"width";i:440;s:6:"height";i:290;s:9:"mime-type";s:10:"image/jpeg";}s:24:"weddingvendor_hero_thumb";a:4:{s:4:"file";s:28:"post-pic-2-demo-1200x600.jpg";s:5:"width";i:1200;s:6:"height";i:600;s:9:"mime-type";s:10:"image/jpeg";}}s:10:"image_meta";a:12:{s:8:"aperture";s:1:"0";s:6:"credit";s:0:"";s:6:"camera";s:0:"";s:7:"caption";s:0:"";s:17:"created_timestamp";s:1:"0";s:9:"copyright";s:0:"";s:12:"focal_length";s:1:"0";s:3:"iso";s:1:"0";s:13:"shutter_speed";s:1:"0";s:5:"title";s:0:"";s:11:"orientation";s:1:"0";s:8:"keywords";a:0:{}}}]]></wp:meta_value>
		</wp:postmeta>
	</item>
	<item>
		<title>location-pic-demo</title>
		<link>http://thegenius.co/wedding/demo/location-pic-demo/</link>
		<pubDate>Sat, 04 Jun 2016 02:07:56 +0000</pubDate>
		<dc:creator><![CDATA[admin]]></dc:creator>
		<guid isPermaLink="false">http://thegenius.co/wedding/demo/wp-content/uploads/2016/06/location-pic-demo.jpg</guid>
		<description></description>
		<content:encoded><![CDATA[]]></content:encoded>
		<excerpt:encoded><![CDATA[]]></excerpt:encoded>
		<wp:post_id>777</wp:post_id>
		<wp:post_date><![CDATA[2016-06-04 02:07:56]]></wp:post_date>
		<wp:post_date_gmt><![CDATA[2016-06-04 02:07:56]]></wp:post_date_gmt>
		<wp:comment_status><![CDATA[open]]></wp:comment_status>
		<wp:ping_status><![CDATA[closed]]></wp:ping_status>
		<wp:post_name><![CDATA[location-pic-demo]]></wp:post_name>
		<wp:status><![CDATA[inherit]]></wp:status>
		<wp:post_parent>0</wp:post_parent>
		<wp:menu_order>0</wp:menu_order>
		<wp:post_type><![CDATA[attachment]]></wp:post_type>
		<wp:post_password><![CDATA[]]></wp:post_password>
		<wp:is_sticky>0</wp:is_sticky>
		<wp:attachment_url><![CDATA[http://thegenius.co/wedding/demo/wp-content/uploads/2016/06/location-pic-demo.jpg]]></wp:attachment_url>
		<wp:postmeta>
			<wp:meta_key><![CDATA[_wp_attached_file]]></wp:meta_key>
			<wp:meta_value><![CDATA[2016/06/location-pic-demo.jpg]]></wp:meta_value>
		</wp:postmeta>
		<wp:postmeta>
			<wp:meta_key><![CDATA[_wp_attachment_metadata]]></wp:meta_key>
			<wp:meta_value><![CDATA[a:5:{s:5:"width";i:360;s:6:"height";i:220;s:4:"file";s:29:"2016/06/location-pic-demo.jpg";s:5:"sizes";a:3:{s:9:"thumbnail";a:4:{s:4:"file";s:29:"location-pic-demo-150x150.jpg";s:5:"width";i:150;s:6:"height";i:150;s:9:"mime-type";s:10:"image/jpeg";}s:6:"medium";a:4:{s:4:"file";s:29:"location-pic-demo-300x183.jpg";s:5:"width";i:300;s:6:"height";i:183;s:9:"mime-type";s:10:"image/jpeg";}s:26:"weddingvendor_user_profile";a:4:{s:4:"file";s:29:"location-pic-demo-290x220.jpg";s:5:"width";i:290;s:6:"height";i:220;s:9:"mime-type";s:10:"image/jpeg";}}s:10:"image_meta";a:12:{s:8:"aperture";s:1:"0";s:6:"credit";s:0:"";s:6:"camera";s:0:"";s:7:"caption";s:0:"";s:17:"created_timestamp";s:1:"0";s:9:"copyright";s:0:"";s:12:"focal_length";s:1:"0";s:3:"iso";s:1:"0";s:13:"shutter_speed";s:1:"0";s:5:"title";s:0:"";s:11:"orientation";s:1:"0";s:8:"keywords";a:0:{}}}]]></wp:meta_value>
		</wp:postmeta>
	</item>
	<item>
		<title>post-pic-3-demo</title>
		<link>http://thegenius.co/wedding/demo/post-pic-3-demo/</link>
		<pubDate>Sat, 04 Jun 2016 02:11:18 +0000</pubDate>
		<dc:creator><![CDATA[admin]]></dc:creator>
		<guid isPermaLink="false">http://thegenius.co/wedding/demo/wp-content/uploads/2016/05/post-pic-3-demo.jpg</guid>
		<description></description>
		<content:encoded><![CDATA[]]></content:encoded>
		<excerpt:encoded><![CDATA[]]></excerpt:encoded>
		<wp:post_id>780</wp:post_id>
		<wp:post_date><![CDATA[2016-06-04 02:11:18]]></wp:post_date>
		<wp:post_date_gmt><![CDATA[2016-06-04 02:11:18]]></wp:post_date_gmt>
		<wp:comment_status><![CDATA[open]]></wp:comment_status>
		<wp:ping_status><![CDATA[closed]]></wp:ping_status>
		<wp:post_name><![CDATA[post-pic-3-demo]]></wp:post_name>
		<wp:status><![CDATA[inherit]]></wp:status>
		<wp:post_parent>0</wp:post_parent>
		<wp:menu_order>0</wp:menu_order>
		<wp:post_type><![CDATA[attachment]]></wp:post_type>
		<wp:post_password><![CDATA[]]></wp:post_password>
		<wp:is_sticky>0</wp:is_sticky>
		<wp:attachment_url><![CDATA[http://thegenius.co/wedding/demo/wp-content/uploads/2016/05/post-pic-3-demo.jpg]]></wp:attachment_url>
		<wp:postmeta>
			<wp:meta_key><![CDATA[_wp_attached_file]]></wp:meta_key>
			<wp:meta_value><![CDATA[2016/05/post-pic-3-demo.jpg]]></wp:meta_value>
		</wp:postmeta>
		<wp:postmeta>
			<wp:meta_key><![CDATA[_wp_attachment_metadata]]></wp:meta_key>
			<wp:meta_value><![CDATA[a:5:{s:5:"width";i:1200;s:6:"height";i:675;s:4:"file";s:27:"2016/05/post-pic-3-demo.jpg";s:5:"sizes";a:7:{s:9:"thumbnail";a:4:{s:4:"file";s:27:"post-pic-3-demo-150x150.jpg";s:5:"width";i:150;s:6:"height";i:150;s:9:"mime-type";s:10:"image/jpeg";}s:6:"medium";a:4:{s:4:"file";s:27:"post-pic-3-demo-300x169.jpg";s:5:"width";i:300;s:6:"height";i:169;s:9:"mime-type";s:10:"image/jpeg";}s:12:"medium_large";a:4:{s:4:"file";s:27:"post-pic-3-demo-768x432.jpg";s:5:"width";i:768;s:6:"height";i:432;s:9:"mime-type";s:10:"image/jpeg";}s:5:"large";a:4:{s:4:"file";s:28:"post-pic-3-demo-1024x576.jpg";s:5:"width";i:1024;s:6:"height";i:576;s:9:"mime-type";s:10:"image/jpeg";}s:26:"weddingvendor_user_profile";a:4:{s:4:"file";s:27:"post-pic-3-demo-290x290.jpg";s:5:"width";i:290;s:6:"height";i:290;s:9:"mime-type";s:10:"image/jpeg";}s:24:"weddingvendor_item_thumb";a:4:{s:4:"file";s:27:"post-pic-3-demo-440x290.jpg";s:5:"width";i:440;s:6:"height";i:290;s:9:"mime-type";s:10:"image/jpeg";}s:24:"weddingvendor_hero_thumb";a:4:{s:4:"file";s:28:"post-pic-3-demo-1200x600.jpg";s:5:"width";i:1200;s:6:"height";i:600;s:9:"mime-type";s:10:"image/jpeg";}}s:10:"image_meta";a:12:{s:8:"aperture";s:1:"0";s:6:"credit";s:0:"";s:6:"camera";s:0:"";s:7:"caption";s:0:"";s:17:"created_timestamp";s:1:"0";s:9:"copyright";s:0:"";s:12:"focal_length";s:1:"0";s:3:"iso";s:1:"0";s:13:"shutter_speed";s:1:"0";s:5:"title";s:0:"";s:11:"orientation";s:1:"0";s:8:"keywords";a:0:{}}}]]></wp:meta_value>
		</wp:postmeta>
	</item>
	<item>
		<title>hero-image-demo</title>
		<link>http://thegenius.co/wedding/demo/hero-image-demo/</link>
		<pubDate>Sat, 04 Jun 2016 02:14:09 +0000</pubDate>
		<dc:creator><![CDATA[admin]]></dc:creator>
		<guid isPermaLink="false">http://thegenius.co/wedding/demo/wp-content/uploads/2016/05/hero-image-demo.jpg</guid>
		<description></description>
		<content:encoded><![CDATA[]]></content:encoded>
		<excerpt:encoded><![CDATA[]]></excerpt:encoded>
		<wp:post_id>781</wp:post_id>
		<wp:post_date><![CDATA[2016-06-04 02:14:09]]></wp:post_date>
		<wp:post_date_gmt><![CDATA[2016-06-04 02:14:09]]></wp:post_date_gmt>
		<wp:comment_status><![CDATA[open]]></wp:comment_status>
		<wp:ping_status><![CDATA[closed]]></wp:ping_status>
		<wp:post_name><![CDATA[hero-image-demo]]></wp:post_name>
		<wp:status><![CDATA[inherit]]></wp:status>
		<wp:post_parent>0</wp:post_parent>
		<wp:menu_order>0</wp:menu_order>
		<wp:post_type><![CDATA[attachment]]></wp:post_type>
		<wp:post_password><![CDATA[]]></wp:post_password>
		<wp:is_sticky>0</wp:is_sticky>
		<wp:attachment_url><![CDATA[http://thegenius.co/wedding/demo/wp-content/uploads/2016/05/hero-image-demo.jpg]]></wp:attachment_url>
		<wp:postmeta>
			<wp:meta_key><![CDATA[_wp_attached_file]]></wp:meta_key>
			<wp:meta_value><![CDATA[2016/05/hero-image-demo.jpg]]></wp:meta_value>
		</wp:postmeta>
		<wp:postmeta>
			<wp:meta_key><![CDATA[_wp_attachment_metadata]]></wp:meta_key>
			<wp:meta_value><![CDATA[a:5:{s:5:"width";i:2000;s:6:"height";i:624;s:4:"file";s:27:"2016/05/hero-image-demo.jpg";s:5:"sizes";a:7:{s:9:"thumbnail";a:4:{s:4:"file";s:27:"hero-image-demo-150x150.jpg";s:5:"width";i:150;s:6:"height";i:150;s:9:"mime-type";s:10:"image/jpeg";}s:6:"medium";a:4:{s:4:"file";s:26:"hero-image-demo-300x94.jpg";s:5:"width";i:300;s:6:"height";i:94;s:9:"mime-type";s:10:"image/jpeg";}s:12:"medium_large";a:4:{s:4:"file";s:27:"hero-image-demo-768x240.jpg";s:5:"width";i:768;s:6:"height";i:240;s:9:"mime-type";s:10:"image/jpeg";}s:5:"large";a:4:{s:4:"file";s:28:"hero-image-demo-1024x319.jpg";s:5:"width";i:1024;s:6:"height";i:319;s:9:"mime-type";s:10:"image/jpeg";}s:26:"weddingvendor_user_profile";a:4:{s:4:"file";s:27:"hero-image-demo-290x290.jpg";s:5:"width";i:290;s:6:"height";i:290;s:9:"mime-type";s:10:"image/jpeg";}s:24:"weddingvendor_item_thumb";a:4:{s:4:"file";s:27:"hero-image-demo-440x290.jpg";s:5:"width";i:440;s:6:"height";i:290;s:9:"mime-type";s:10:"image/jpeg";}s:24:"weddingvendor_hero_thumb";a:4:{s:4:"file";s:28:"hero-image-demo-1900x600.jpg";s:5:"width";i:1900;s:6:"height";i:600;s:9:"mime-type";s:10:"image/jpeg";}}s:10:"image_meta";a:12:{s:8:"aperture";s:1:"0";s:6:"credit";s:0:"";s:6:"camera";s:0:"";s:7:"caption";s:0:"";s:17:"created_timestamp";s:1:"0";s:9:"copyright";s:0:"";s:12:"focal_length";s:1:"0";s:3:"iso";s:1:"0";s:13:"shutter_speed";s:1:"0";s:5:"title";s:0:"";s:11:"orientation";s:1:"0";s:8:"keywords";a:0:{}}}]]></wp:meta_value>
		</wp:postmeta>
	</item>
	<item>
		<title>couple-test</title>
		<link>http://thegenius.co/wedding/demo/couple-test/</link>
		<pubDate>Sat, 04 Jun 2016 02:15:35 +0000</pubDate>
		<dc:creator><![CDATA[admin]]></dc:creator>
		<guid isPermaLink="false">http://thegenius.co/wedding/demo/wp-content/uploads/2016/05/couple-test.jpg</guid>
		<description></description>
		<content:encoded><![CDATA[]]></content:encoded>
		<excerpt:encoded><![CDATA[]]></excerpt:encoded>
		<wp:post_id>782</wp:post_id>
		<wp:post_date><![CDATA[2016-06-04 02:15:35]]></wp:post_date>
		<wp:post_date_gmt><![CDATA[2016-06-04 02:15:35]]></wp:post_date_gmt>
		<wp:comment_status><![CDATA[open]]></wp:comment_status>
		<wp:ping_status><![CDATA[closed]]></wp:ping_status>
		<wp:post_name><![CDATA[couple-test]]></wp:post_name>
		<wp:status><![CDATA[inherit]]></wp:status>
		<wp:post_parent>0</wp:post_parent>
		<wp:menu_order>0</wp:menu_order>
		<wp:post_type><![CDATA[attachment]]></wp:post_type>
		<wp:post_password><![CDATA[]]></wp:post_password>
		<wp:is_sticky>0</wp:is_sticky>
		<wp:attachment_url><![CDATA[http://thegenius.co/wedding/demo/wp-content/uploads/2016/05/couple-test.jpg]]></wp:attachment_url>
		<wp:postmeta>
			<wp:meta_key><![CDATA[_wp_attached_file]]></wp:meta_key>
			<wp:meta_value><![CDATA[2016/05/couple-test.jpg]]></wp:meta_value>
		</wp:postmeta>
		<wp:postmeta>
			<wp:meta_key><![CDATA[_wp_attachment_metadata]]></wp:meta_key>
			<wp:meta_value><![CDATA[a:5:{s:5:"width";i:160;s:6:"height";i:160;s:4:"file";s:23:"2016/05/couple-test.jpg";s:5:"sizes";a:1:{s:9:"thumbnail";a:4:{s:4:"file";s:23:"couple-test-150x150.jpg";s:5:"width";i:150;s:6:"height";i:150;s:9:"mime-type";s:10:"image/jpeg";}}s:10:"image_meta";a:12:{s:8:"aperture";s:1:"0";s:6:"credit";s:0:"";s:6:"camera";s:0:"";s:7:"caption";s:0:"";s:17:"created_timestamp";s:1:"0";s:9:"copyright";s:0:"";s:12:"focal_length";s:1:"0";s:3:"iso";s:1:"0";s:13:"shutter_speed";s:1:"0";s:5:"title";s:0:"";s:11:"orientation";s:1:"0";s:8:"keywords";a:0:{}}}]]></wp:meta_value>
		</wp:postmeta>
	</item>
	<item>
		<title>location-pic-4-demo</title>
		<link>http://thegenius.co/wedding/demo/location-pic-4-demo/</link>
		<pubDate>Sat, 04 Jun 2016 02:23:28 +0000</pubDate>
		<dc:creator><![CDATA[admin]]></dc:creator>
		<guid isPermaLink="false">http://thegenius.co/wedding/demo/wp-content/uploads/2016/06/location-pic-4-demo.jpg</guid>
		<description></description>
		<content:encoded><![CDATA[]]></content:encoded>
		<excerpt:encoded><![CDATA[]]></excerpt:encoded>
		<wp:post_id>786</wp:post_id>
		<wp:post_date><![CDATA[2016-06-04 02:23:28]]></wp:post_date>
		<wp:post_date_gmt><![CDATA[2016-06-04 02:23:28]]></wp:post_date_gmt>
		<wp:comment_status><![CDATA[open]]></wp:comment_status>
		<wp:ping_status><![CDATA[closed]]></wp:ping_status>
		<wp:post_name><![CDATA[location-pic-4-demo]]></wp:post_name>
		<wp:status><![CDATA[inherit]]></wp:status>
		<wp:post_parent>0</wp:post_parent>
		<wp:menu_order>0</wp:menu_order>
		<wp:post_type><![CDATA[attachment]]></wp:post_type>
		<wp:post_password><![CDATA[]]></wp:post_password>
		<wp:is_sticky>0</wp:is_sticky>
		<wp:attachment_url><![CDATA[http://thegenius.co/wedding/demo/wp-content/uploads/2016/06/location-pic-4-demo.jpg]]></wp:attachment_url>
		<wp:postmeta>
			<wp:meta_key><![CDATA[_wp_attached_file]]></wp:meta_key>
			<wp:meta_value><![CDATA[2016/06/location-pic-4-demo.jpg]]></wp:meta_value>
		</wp:postmeta>
		<wp:postmeta>
			<wp:meta_key><![CDATA[_wp_attachment_metadata]]></wp:meta_key>
			<wp:meta_value><![CDATA[a:5:{s:5:"width";i:750;s:6:"height";i:230;s:4:"file";s:31:"2016/06/location-pic-4-demo.jpg";s:5:"sizes";a:4:{s:9:"thumbnail";a:4:{s:4:"file";s:31:"location-pic-4-demo-150x150.jpg";s:5:"width";i:150;s:6:"height";i:150;s:9:"mime-type";s:10:"image/jpeg";}s:6:"medium";a:4:{s:4:"file";s:30:"location-pic-4-demo-300x92.jpg";s:5:"width";i:300;s:6:"height";i:92;s:9:"mime-type";s:10:"image/jpeg";}s:26:"weddingvendor_user_profile";a:4:{s:4:"file";s:31:"location-pic-4-demo-290x230.jpg";s:5:"width";i:290;s:6:"height";i:230;s:9:"mime-type";s:10:"image/jpeg";}s:24:"weddingvendor_item_thumb";a:4:{s:4:"file";s:31:"location-pic-4-demo-440x230.jpg";s:5:"width";i:440;s:6:"height";i:230;s:9:"mime-type";s:10:"image/jpeg";}}s:10:"image_meta";a:12:{s:8:"aperture";s:1:"0";s:6:"credit";s:0:"";s:6:"camera";s:0:"";s:7:"caption";s:0:"";s:17:"created_timestamp";s:1:"0";s:9:"copyright";s:0:"";s:12:"focal_length";s:1:"0";s:3:"iso";s:1:"0";s:13:"shutter_speed";s:1:"0";s:5:"title";s:0:"";s:11:"orientation";s:1:"0";s:8:"keywords";a:0:{}}}]]></wp:meta_value>
		</wp:postmeta>
	</item>
	<item>
		<title>couple_big</title>
		<link>http://thegenius.co/wedding/demo/couple_big/</link>
		<pubDate>Sat, 04 Jun 2016 02:31:08 +0000</pubDate>
		<dc:creator><![CDATA[admin]]></dc:creator>
		<guid isPermaLink="false">http://thegenius.co/wedding/demo/wp-content/uploads/2016/06/couple_big.png</guid>
		<description></description>
		<content:encoded><![CDATA[]]></content:encoded>
		<excerpt:encoded><![CDATA[]]></excerpt:encoded>
		<wp:post_id>788</wp:post_id>
		<wp:post_date><![CDATA[2016-06-04 02:31:08]]></wp:post_date>
		<wp:post_date_gmt><![CDATA[2016-06-04 02:31:08]]></wp:post_date_gmt>
		<wp:comment_status><![CDATA[open]]></wp:comment_status>
		<wp:ping_status><![CDATA[closed]]></wp:ping_status>
		<wp:post_name><![CDATA[couple_big]]></wp:post_name>
		<wp:status><![CDATA[inherit]]></wp:status>
		<wp:post_parent>0</wp:post_parent>
		<wp:menu_order>0</wp:menu_order>
		<wp:post_type><![CDATA[attachment]]></wp:post_type>
		<wp:post_password><![CDATA[]]></wp:post_password>
		<wp:is_sticky>0</wp:is_sticky>
		<wp:attachment_url><![CDATA[http://thegenius.co/wedding/demo/wp-content/uploads/2016/06/couple_big.png]]></wp:attachment_url>
		<wp:postmeta>
			<wp:meta_key><![CDATA[_wp_attached_file]]></wp:meta_key>
			<wp:meta_value><![CDATA[2016/06/couple_big.png]]></wp:meta_value>
		</wp:postmeta>
		<wp:postmeta>
			<wp:meta_key><![CDATA[_wp_attachment_metadata]]></wp:meta_key>
			<wp:meta_value><![CDATA[a:5:{s:5:"width";i:160;s:6:"height";i:160;s:4:"file";s:22:"2016/06/couple_big.png";s:5:"sizes";a:1:{s:9:"thumbnail";a:4:{s:4:"file";s:22:"couple_big-150x150.png";s:5:"width";i:150;s:6:"height";i:150;s:9:"mime-type";s:9:"image/png";}}s:10:"image_meta";a:12:{s:8:"aperture";s:1:"0";s:6:"credit";s:0:"";s:6:"camera";s:0:"";s:7:"caption";s:0:"";s:17:"created_timestamp";s:1:"0";s:9:"copyright";s:0:"";s:12:"focal_length";s:1:"0";s:3:"iso";s:1:"0";s:13:"shutter_speed";s:1:"0";s:5:"title";s:0:"";s:11:"orientation";s:1:"0";s:8:"keywords";a:0:{}}}]]></wp:meta_value>
		</wp:postmeta>
	</item>
	<item>
		<title>vendor-big</title>
		<link>http://thegenius.co/wedding/demo/vendor-big/</link>
		<pubDate>Sat, 04 Jun 2016 02:31:41 +0000</pubDate>
		<dc:creator><![CDATA[admin]]></dc:creator>
		<guid isPermaLink="false">http://thegenius.co/wedding/demo/wp-content/uploads/2016/06/vendor-big.png</guid>
		<description></description>
		<content:encoded><![CDATA[]]></content:encoded>
		<excerpt:encoded><![CDATA[]]></excerpt:encoded>
		<wp:post_id>790</wp:post_id>
		<wp:post_date><![CDATA[2016-06-04 02:31:41]]></wp:post_date>
		<wp:post_date_gmt><![CDATA[2016-06-04 02:31:41]]></wp:post_date_gmt>
		<wp:comment_status><![CDATA[open]]></wp:comment_status>
		<wp:ping_status><![CDATA[closed]]></wp:ping_status>
		<wp:post_name><![CDATA[vendor-big]]></wp:post_name>
		<wp:status><![CDATA[inherit]]></wp:status>
		<wp:post_parent>0</wp:post_parent>
		<wp:menu_order>0</wp:menu_order>
		<wp:post_type><![CDATA[attachment]]></wp:post_type>
		<wp:post_password><![CDATA[]]></wp:post_password>
		<wp:is_sticky>0</wp:is_sticky>
		<wp:attachment_url><![CDATA[http://thegenius.co/wedding/demo/wp-content/uploads/2016/06/vendor-big.png]]></wp:attachment_url>
		<wp:postmeta>
			<wp:meta_key><![CDATA[_wp_attached_file]]></wp:meta_key>
			<wp:meta_value><![CDATA[2016/06/vendor-big.png]]></wp:meta_value>
		</wp:postmeta>
		<wp:postmeta>
			<wp:meta_key><![CDATA[_wp_attachment_metadata]]></wp:meta_key>
			<wp:meta_value><![CDATA[a:5:{s:5:"width";i:160;s:6:"height";i:160;s:4:"file";s:22:"2016/06/vendor-big.png";s:5:"sizes";a:1:{s:9:"thumbnail";a:4:{s:4:"file";s:22:"vendor-big-150x150.png";s:5:"width";i:150;s:6:"height";i:150;s:9:"mime-type";s:9:"image/png";}}s:10:"image_meta";a:12:{s:8:"aperture";s:1:"0";s:6:"credit";s:0:"";s:6:"camera";s:0:"";s:7:"caption";s:0:"";s:17:"created_timestamp";s:1:"0";s:9:"copyright";s:0:"";s:12:"focal_length";s:1:"0";s:3:"iso";s:1:"0";s:13:"shutter_speed";s:1:"0";s:5:"title";s:0:"";s:11:"orientation";s:1:"0";s:8:"keywords";a:0:{}}}]]></wp:meta_value>
		</wp:postmeta>
	</item>
	<item>
		<title>couple</title>
		<link>http://thegenius.co/wedding/demo/couple-2/</link>
		<pubDate>Sat, 04 Jun 2016 02:32:34 +0000</pubDate>
		<dc:creator><![CDATA[admin]]></dc:creator>
		<guid isPermaLink="false">http://thegenius.co/wedding/demo/wp-content/uploads/2016/06/couple.png</guid>
		<description></description>
		<content:encoded><![CDATA[]]></content:encoded>
		<excerpt:encoded><![CDATA[]]></excerpt:encoded>
		<wp:post_id>792</wp:post_id>
		<wp:post_date><![CDATA[2016-06-04 02:32:34]]></wp:post_date>
		<wp:post_date_gmt><![CDATA[2016-06-04 02:32:34]]></wp:post_date_gmt>
		<wp:comment_status><![CDATA[open]]></wp:comment_status>
		<wp:ping_status><![CDATA[closed]]></wp:ping_status>
		<wp:post_name><![CDATA[couple-2]]></wp:post_name>
		<wp:status><![CDATA[inherit]]></wp:status>
		<wp:post_parent>0</wp:post_parent>
		<wp:menu_order>0</wp:menu_order>
		<wp:post_type><![CDATA[attachment]]></wp:post_type>
		<wp:post_password><![CDATA[]]></wp:post_password>
		<wp:is_sticky>0</wp:is_sticky>
		<wp:attachment_url><![CDATA[http://thegenius.co/wedding/demo/wp-content/uploads/2016/06/couple.png]]></wp:attachment_url>
		<wp:postmeta>
			<wp:meta_key><![CDATA[_wp_attached_file]]></wp:meta_key>
			<wp:meta_value><![CDATA[2016/06/couple.png]]></wp:meta_value>
		</wp:postmeta>
		<wp:postmeta>
			<wp:meta_key><![CDATA[_wp_attachment_metadata]]></wp:meta_key>
			<wp:meta_value><![CDATA[a:5:{s:5:"width";i:80;s:6:"height";i:80;s:4:"file";s:18:"2016/06/couple.png";s:5:"sizes";a:0:{}s:10:"image_meta";a:12:{s:8:"aperture";s:1:"0";s:6:"credit";s:0:"";s:6:"camera";s:0:"";s:7:"caption";s:0:"";s:17:"created_timestamp";s:1:"0";s:9:"copyright";s:0:"";s:12:"focal_length";s:1:"0";s:3:"iso";s:1:"0";s:13:"shutter_speed";s:1:"0";s:5:"title";s:0:"";s:11:"orientation";s:1:"0";s:8:"keywords";a:0:{}}}]]></wp:meta_value>
		</wp:postmeta>
	</item>
	<item>
		<title>mail</title>
		<link>http://thegenius.co/wedding/demo/mail-2/</link>
		<pubDate>Sat, 04 Jun 2016 02:32:56 +0000</pubDate>
		<dc:creator><![CDATA[admin]]></dc:creator>
		<guid isPermaLink="false">http://thegenius.co/wedding/demo/wp-content/uploads/2016/06/mail.png</guid>
		<description></description>
		<content:encoded><![CDATA[]]></content:encoded>
		<excerpt:encoded><![CDATA[]]></excerpt:encoded>
		<wp:post_id>794</wp:post_id>
		<wp:post_date><![CDATA[2016-06-04 02:32:56]]></wp:post_date>
		<wp:post_date_gmt><![CDATA[2016-06-04 02:32:56]]></wp:post_date_gmt>
		<wp:comment_status><![CDATA[open]]></wp:comment_status>
		<wp:ping_status><![CDATA[closed]]></wp:ping_status>
		<wp:post_name><![CDATA[mail-2]]></wp:post_name>
		<wp:status><![CDATA[inherit]]></wp:status>
		<wp:post_parent>0</wp:post_parent>
		<wp:menu_order>0</wp:menu_order>
		<wp:post_type><![CDATA[attachment]]></wp:post_type>
		<wp:post_password><![CDATA[]]></wp:post_password>
		<wp:is_sticky>0</wp:is_sticky>
		<wp:attachment_url><![CDATA[http://thegenius.co/wedding/demo/wp-content/uploads/2016/06/mail.png]]></wp:attachment_url>
		<wp:postmeta>
			<wp:meta_key><![CDATA[_wp_attached_file]]></wp:meta_key>
			<wp:meta_value><![CDATA[2016/06/mail.png]]></wp:meta_value>
		</wp:postmeta>
		<wp:postmeta>
			<wp:meta_key><![CDATA[_wp_attachment_metadata]]></wp:meta_key>
			<wp:meta_value><![CDATA[a:5:{s:5:"width";i:80;s:6:"height";i:80;s:4:"file";s:16:"2016/06/mail.png";s:5:"sizes";a:0:{}s:10:"image_meta";a:12:{s:8:"aperture";s:1:"0";s:6:"credit";s:0:"";s:6:"camera";s:0:"";s:7:"caption";s:0:"";s:17:"created_timestamp";s:1:"0";s:9:"copyright";s:0:"";s:12:"focal_length";s:1:"0";s:3:"iso";s:1:"0";s:13:"shutter_speed";s:1:"0";s:5:"title";s:0:"";s:11:"orientation";s:1:"0";s:8:"keywords";a:0:{}}}]]></wp:meta_value>
		</wp:postmeta>
	</item>
	<item>
		<title>vendor</title>
		<link>http://thegenius.co/wedding/demo/vendor-2/</link>
		<pubDate>Sat, 04 Jun 2016 02:33:19 +0000</pubDate>
		<dc:creator><![CDATA[admin]]></dc:creator>
		<guid isPermaLink="false">http://thegenius.co/wedding/demo/wp-content/uploads/2016/06/vendor.png</guid>
		<description></description>
		<content:encoded><![CDATA[]]></content:encoded>
		<excerpt:encoded><![CDATA[]]></excerpt:encoded>
		<wp:post_id>796</wp:post_id>
		<wp:post_date><![CDATA[2016-06-04 02:33:19]]></wp:post_date>
		<wp:post_date_gmt><![CDATA[2016-06-04 02:33:19]]></wp:post_date_gmt>
		<wp:comment_status><![CDATA[open]]></wp:comment_status>
		<wp:ping_status><![CDATA[closed]]></wp:ping_status>
		<wp:post_name><![CDATA[vendor-2]]></wp:post_name>
		<wp:status><![CDATA[inherit]]></wp:status>
		<wp:post_parent>0</wp:post_parent>
		<wp:menu_order>0</wp:menu_order>
		<wp:post_type><![CDATA[attachment]]></wp:post_type>
		<wp:post_password><![CDATA[]]></wp:post_password>
		<wp:is_sticky>0</wp:is_sticky>
		<wp:attachment_url><![CDATA[http://thegenius.co/wedding/demo/wp-content/uploads/2016/06/vendor.png]]></wp:attachment_url>
		<wp:postmeta>
			<wp:meta_key><![CDATA[_wp_attached_file]]></wp:meta_key>
			<wp:meta_value><![CDATA[2016/06/vendor.png]]></wp:meta_value>
		</wp:postmeta>
		<wp:postmeta>
			<wp:meta_key><![CDATA[_wp_attachment_metadata]]></wp:meta_key>
			<wp:meta_value><![CDATA[a:5:{s:5:"width";i:80;s:6:"height";i:80;s:4:"file";s:18:"2016/06/vendor.png";s:5:"sizes";a:0:{}s:10:"image_meta";a:12:{s:8:"aperture";s:1:"0";s:6:"credit";s:0:"";s:6:"camera";s:0:"";s:7:"caption";s:0:"";s:17:"created_timestamp";s:1:"0";s:9:"copyright";s:0:"";s:12:"focal_length";s:1:"0";s:3:"iso";s:1:"0";s:13:"shutter_speed";s:1:"0";s:5:"title";s:0:"";s:11:"orientation";s:1:"0";s:8:"keywords";a:0:{}}}]]></wp:meta_value>
		</wp:postmeta>
	</item>
	<item>
		<title>list</title>
		<link>http://thegenius.co/wedding/demo/list-2/</link>
		<pubDate>Sat, 04 Jun 2016 02:33:52 +0000</pubDate>
		<dc:creator><![CDATA[admin]]></dc:creator>
		<guid isPermaLink="false">http://thegenius.co/wedding/demo/wp-content/uploads/2016/06/list.png</guid>
		<description></description>
		<content:encoded><![CDATA[]]></content:encoded>
		<excerpt:encoded><![CDATA[]]></excerpt:encoded>
		<wp:post_id>798</wp:post_id>
		<wp:post_date><![CDATA[2016-06-04 02:33:52]]></wp:post_date>
		<wp:post_date_gmt><![CDATA[2016-06-04 02:33:52]]></wp:post_date_gmt>
		<wp:comment_status><![CDATA[open]]></wp:comment_status>
		<wp:ping_status><![CDATA[closed]]></wp:ping_status>
		<wp:post_name><![CDATA[list-2]]></wp:post_name>
		<wp:status><![CDATA[inherit]]></wp:status>
		<wp:post_parent>0</wp:post_parent>
		<wp:menu_order>0</wp:menu_order>
		<wp:post_type><![CDATA[attachment]]></wp:post_type>
		<wp:post_password><![CDATA[]]></wp:post_password>
		<wp:is_sticky>0</wp:is_sticky>
		<wp:attachment_url><![CDATA[http://thegenius.co/wedding/demo/wp-content/uploads/2016/06/list.png]]></wp:attachment_url>
		<wp:postmeta>
			<wp:meta_key><![CDATA[_wp_attached_file]]></wp:meta_key>
			<wp:meta_value><![CDATA[2016/06/list.png]]></wp:meta_value>
		</wp:postmeta>
		<wp:postmeta>
			<wp:meta_key><![CDATA[_wp_attachment_metadata]]></wp:meta_key>
			<wp:meta_value><![CDATA[a:5:{s:5:"width";i:130;s:6:"height";i:130;s:4:"file";s:16:"2016/06/list.png";s:5:"sizes";a:0:{}s:10:"image_meta";a:12:{s:8:"aperture";s:1:"0";s:6:"credit";s:0:"";s:6:"camera";s:0:"";s:7:"caption";s:0:"";s:17:"created_timestamp";s:1:"0";s:9:"copyright";s:0:"";s:12:"focal_length";s:1:"0";s:3:"iso";s:1:"0";s:13:"shutter_speed";s:1:"0";s:5:"title";s:0:"";s:11:"orientation";s:1:"0";s:8:"keywords";a:0:{}}}]]></wp:meta_value>
		</wp:postmeta>
	</item>
	<item>
		<title>vendor-1</title>
		<link>http://thegenius.co/wedding/demo/vendor-1-2/</link>
		<pubDate>Sat, 04 Jun 2016 02:34:23 +0000</pubDate>
		<dc:creator><![CDATA[admin]]></dc:creator>
		<guid isPermaLink="false">http://thegenius.co/wedding/demo/wp-content/uploads/2016/06/vendor-1.png</guid>
		<description></description>
		<content:encoded><![CDATA[]]></content:encoded>
		<excerpt:encoded><![CDATA[]]></excerpt:encoded>
		<wp:post_id>800</wp:post_id>
		<wp:post_date><![CDATA[2016-06-04 02:34:23]]></wp:post_date>
		<wp:post_date_gmt><![CDATA[2016-06-04 02:34:23]]></wp:post_date_gmt>
		<wp:comment_status><![CDATA[open]]></wp:comment_status>
		<wp:ping_status><![CDATA[closed]]></wp:ping_status>
		<wp:post_name><![CDATA[vendor-1-2]]></wp:post_name>
		<wp:status><![CDATA[inherit]]></wp:status>
		<wp:post_parent>0</wp:post_parent>
		<wp:menu_order>0</wp:menu_order>
		<wp:post_type><![CDATA[attachment]]></wp:post_type>
		<wp:post_password><![CDATA[]]></wp:post_password>
		<wp:is_sticky>0</wp:is_sticky>
		<wp:attachment_url><![CDATA[http://thegenius.co/wedding/demo/wp-content/uploads/2016/06/vendor-1.png]]></wp:attachment_url>
		<wp:postmeta>
			<wp:meta_key><![CDATA[_wp_attached_file]]></wp:meta_key>
			<wp:meta_value><![CDATA[2016/06/vendor-1.png]]></wp:meta_value>
		</wp:postmeta>
		<wp:postmeta>
			<wp:meta_key><![CDATA[_wp_attachment_metadata]]></wp:meta_key>
			<wp:meta_value><![CDATA[a:5:{s:5:"width";i:130;s:6:"height";i:130;s:4:"file";s:20:"2016/06/vendor-1.png";s:5:"sizes";a:0:{}s:10:"image_meta";a:12:{s:8:"aperture";s:1:"0";s:6:"credit";s:0:"";s:6:"camera";s:0:"";s:7:"caption";s:0:"";s:17:"created_timestamp";s:1:"0";s:9:"copyright";s:0:"";s:12:"focal_length";s:1:"0";s:3:"iso";s:1:"0";s:13:"shutter_speed";s:1:"0";s:5:"title";s:0:"";s:11:"orientation";s:1:"0";s:8:"keywords";a:0:{}}}]]></wp:meta_value>
		</wp:postmeta>
	</item>
	<item>
		<title>heart</title>
		<link>http://thegenius.co/wedding/demo/heart-2/</link>
		<pubDate>Sat, 04 Jun 2016 02:36:56 +0000</pubDate>
		<dc:creator><![CDATA[admin]]></dc:creator>
		<guid isPermaLink="false">http://thegenius.co/wedding/demo/wp-content/uploads/2016/06/heart.png</guid>
		<description></description>
		<content:encoded><![CDATA[]]></content:encoded>
		<excerpt:encoded><![CDATA[]]></excerpt:encoded>
		<wp:post_id>802</wp:post_id>
		<wp:post_date><![CDATA[2016-06-04 02:36:56]]></wp:post_date>
		<wp:post_date_gmt><![CDATA[2016-06-04 02:36:56]]></wp:post_date_gmt>
		<wp:comment_status><![CDATA[open]]></wp:comment_status>
		<wp:ping_status><![CDATA[closed]]></wp:ping_status>
		<wp:post_name><![CDATA[heart-2]]></wp:post_name>
		<wp:status><![CDATA[inherit]]></wp:status>
		<wp:post_parent>0</wp:post_parent>
		<wp:menu_order>0</wp:menu_order>
		<wp:post_type><![CDATA[attachment]]></wp:post_type>
		<wp:post_password><![CDATA[]]></wp:post_password>
		<wp:is_sticky>0</wp:is_sticky>
		<wp:attachment_url><![CDATA[http://thegenius.co/wedding/demo/wp-content/uploads/2016/06/heart.png]]></wp:attachment_url>
		<wp:postmeta>
			<wp:meta_key><![CDATA[_wp_attached_file]]></wp:meta_key>
			<wp:meta_value><![CDATA[2016/06/heart.png]]></wp:meta_value>
		</wp:postmeta>
		<wp:postmeta>
			<wp:meta_key><![CDATA[_wp_attachment_metadata]]></wp:meta_key>
			<wp:meta_value><![CDATA[a:5:{s:5:"width";i:80;s:6:"height";i:80;s:4:"file";s:17:"2016/06/heart.png";s:5:"sizes";a:0:{}s:10:"image_meta";a:12:{s:8:"aperture";s:1:"0";s:6:"credit";s:0:"";s:6:"camera";s:0:"";s:7:"caption";s:0:"";s:17:"created_timestamp";s:1:"0";s:9:"copyright";s:0:"";s:12:"focal_length";s:1:"0";s:3:"iso";s:1:"0";s:13:"shutter_speed";s:1:"0";s:5:"title";s:0:"";s:11:"orientation";s:1:"0";s:8:"keywords";a:0:{}}}]]></wp:meta_value>
		</wp:postmeta>
	</item>
	<item>
		<title>envelop</title>
		<link>http://thegenius.co/wedding/demo/envelop-2/</link>
		<pubDate>Sat, 04 Jun 2016 02:37:28 +0000</pubDate>
		<dc:creator><![CDATA[admin]]></dc:creator>
		<guid isPermaLink="false">http://thegenius.co/wedding/demo/wp-content/uploads/2016/06/envelop.png</guid>
		<description></description>
		<content:encoded><![CDATA[]]></content:encoded>
		<excerpt:encoded><![CDATA[]]></excerpt:encoded>
		<wp:post_id>803</wp:post_id>
		<wp:post_date><![CDATA[2016-06-04 02:37:28]]></wp:post_date>
		<wp:post_date_gmt><![CDATA[2016-06-04 02:37:28]]></wp:post_date_gmt>
		<wp:comment_status><![CDATA[open]]></wp:comment_status>
		<wp:ping_status><![CDATA[closed]]></wp:ping_status>
		<wp:post_name><![CDATA[envelop-2]]></wp:post_name>
		<wp:status><![CDATA[inherit]]></wp:status>
		<wp:post_parent>0</wp:post_parent>
		<wp:menu_order>0</wp:menu_order>
		<wp:post_type><![CDATA[attachment]]></wp:post_type>
		<wp:post_password><![CDATA[]]></wp:post_password>
		<wp:is_sticky>0</wp:is_sticky>
		<wp:attachment_url><![CDATA[http://thegenius.co/wedding/demo/wp-content/uploads/2016/06/envelop.png]]></wp:attachment_url>
		<wp:postmeta>
			<wp:meta_key><![CDATA[_wp_attached_file]]></wp:meta_key>
			<wp:meta_value><![CDATA[2016/06/envelop.png]]></wp:meta_value>
		</wp:postmeta>
		<wp:postmeta>
			<wp:meta_key><![CDATA[_wp_attachment_metadata]]></wp:meta_key>
			<wp:meta_value><![CDATA[a:5:{s:5:"width";i:80;s:6:"height";i:80;s:4:"file";s:19:"2016/06/envelop.png";s:5:"sizes";a:0:{}s:10:"image_meta";a:12:{s:8:"aperture";s:1:"0";s:6:"credit";s:0:"";s:6:"camera";s:0:"";s:7:"caption";s:0:"";s:17:"created_timestamp";s:1:"0";s:9:"copyright";s:0:"";s:12:"focal_length";s:1:"0";s:3:"iso";s:1:"0";s:13:"shutter_speed";s:1:"0";s:5:"title";s:0:"";s:11:"orientation";s:1:"0";s:8:"keywords";a:0:{}}}]]></wp:meta_value>
		</wp:postmeta>
	</item>
	<item>
		<title>ballon</title>
		<link>http://thegenius.co/wedding/demo/ballon-2/</link>
		<pubDate>Sat, 04 Jun 2016 02:37:48 +0000</pubDate>
		<dc:creator><![CDATA[admin]]></dc:creator>
		<guid isPermaLink="false">http://thegenius.co/wedding/demo/wp-content/uploads/2016/06/ballon.png</guid>
		<description></description>
		<content:encoded><![CDATA[]]></content:encoded>
		<excerpt:encoded><![CDATA[]]></excerpt:encoded>
		<wp:post_id>804</wp:post_id>
		<wp:post_date><![CDATA[2016-06-04 02:37:48]]></wp:post_date>
		<wp:post_date_gmt><![CDATA[2016-06-04 02:37:48]]></wp:post_date_gmt>
		<wp:comment_status><![CDATA[open]]></wp:comment_status>
		<wp:ping_status><![CDATA[closed]]></wp:ping_status>
		<wp:post_name><![CDATA[ballon-2]]></wp:post_name>
		<wp:status><![CDATA[inherit]]></wp:status>
		<wp:post_parent>0</wp:post_parent>
		<wp:menu_order>0</wp:menu_order>
		<wp:post_type><![CDATA[attachment]]></wp:post_type>
		<wp:post_password><![CDATA[]]></wp:post_password>
		<wp:is_sticky>0</wp:is_sticky>
		<wp:attachment_url><![CDATA[http://thegenius.co/wedding/demo/wp-content/uploads/2016/06/ballon.png]]></wp:attachment_url>
		<wp:postmeta>
			<wp:meta_key><![CDATA[_wp_attached_file]]></wp:meta_key>
			<wp:meta_value><![CDATA[2016/06/ballon.png]]></wp:meta_value>
		</wp:postmeta>
		<wp:postmeta>
			<wp:meta_key><![CDATA[_wp_attachment_metadata]]></wp:meta_key>
			<wp:meta_value><![CDATA[a:5:{s:5:"width";i:80;s:6:"height";i:80;s:4:"file";s:18:"2016/06/ballon.png";s:5:"sizes";a:0:{}s:10:"image_meta";a:12:{s:8:"aperture";s:1:"0";s:6:"credit";s:0:"";s:6:"camera";s:0:"";s:7:"caption";s:0:"";s:17:"created_timestamp";s:1:"0";s:9:"copyright";s:0:"";s:12:"focal_length";s:1:"0";s:3:"iso";s:1:"0";s:13:"shutter_speed";s:1:"0";s:5:"title";s:0:"";s:11:"orientation";s:1:"0";s:8:"keywords";a:0:{}}}]]></wp:meta_value>
		</wp:postmeta>
	</item>
	<item>
		<title>pricing</title>
		<link>http://thegenius.co/wedding/demo/pricing-2/</link>
		<pubDate>Sat, 04 Jun 2016 02:38:52 +0000</pubDate>
		<dc:creator><![CDATA[admin]]></dc:creator>
		<guid isPermaLink="false">http://thegenius.co/wedding/demo/wp-content/uploads/2016/06/pricing.png</guid>
		<description></description>
		<content:encoded><![CDATA[]]></content:encoded>
		<excerpt:encoded><![CDATA[]]></excerpt:encoded>
		<wp:post_id>807</wp:post_id>
		<wp:post_date><![CDATA[2016-06-04 02:38:52]]></wp:post_date>
		<wp:post_date_gmt><![CDATA[2016-06-04 02:38:52]]></wp:post_date_gmt>
		<wp:comment_status><![CDATA[open]]></wp:comment_status>
		<wp:ping_status><![CDATA[closed]]></wp:ping_status>
		<wp:post_name><![CDATA[pricing-2]]></wp:post_name>
		<wp:status><![CDATA[inherit]]></wp:status>
		<wp:post_parent>0</wp:post_parent>
		<wp:menu_order>0</wp:menu_order>
		<wp:post_type><![CDATA[attachment]]></wp:post_type>
		<wp:post_password><![CDATA[]]></wp:post_password>
		<wp:is_sticky>0</wp:is_sticky>
		<wp:attachment_url><![CDATA[http://thegenius.co/wedding/demo/wp-content/uploads/2016/06/pricing.png]]></wp:attachment_url>
		<wp:postmeta>
			<wp:meta_key><![CDATA[_wp_attached_file]]></wp:meta_key>
			<wp:meta_value><![CDATA[2016/06/pricing.png]]></wp:meta_value>
		</wp:postmeta>
		<wp:postmeta>
			<wp:meta_key><![CDATA[_wp_attachment_metadata]]></wp:meta_key>
			<wp:meta_value><![CDATA[a:5:{s:5:"width";i:80;s:6:"height";i:80;s:4:"file";s:19:"2016/06/pricing.png";s:5:"sizes";a:0:{}s:10:"image_meta";a:12:{s:8:"aperture";s:1:"0";s:6:"credit";s:0:"";s:6:"camera";s:0:"";s:7:"caption";s:0:"";s:17:"created_timestamp";s:1:"0";s:9:"copyright";s:0:"";s:12:"focal_length";s:1:"0";s:3:"iso";s:1:"0";s:13:"shutter_speed";s:1:"0";s:5:"title";s:0:"";s:11:"orientation";s:1:"0";s:8:"keywords";a:0:{}}}]]></wp:meta_value>
		</wp:postmeta>
	</item>
	<item>
		<title>banner-default</title>
		<link>http://thegenius.co/wedding/demo/banner-default/</link>
		<pubDate>Fri, 05 Aug 2016 06:26:47 +0000</pubDate>
		<dc:creator><![CDATA[admin]]></dc:creator>
		<guid isPermaLink="false">http://thegenius.co/wedding/demo/wp-content/uploads/2016/05/banner-default.jpg</guid>
		<description></description>
		<content:encoded><![CDATA[]]></content:encoded>
		<excerpt:encoded><![CDATA[]]></excerpt:encoded>
		<wp:post_id>810</wp:post_id>
		<wp:post_date><![CDATA[2016-08-05 06:26:47]]></wp:post_date>
		<wp:post_date_gmt><![CDATA[2016-08-05 06:26:47]]></wp:post_date_gmt>
		<wp:comment_status><![CDATA[open]]></wp:comment_status>
		<wp:ping_status><![CDATA[closed]]></wp:ping_status>
		<wp:post_name><![CDATA[banner-default]]></wp:post_name>
		<wp:status><![CDATA[inherit]]></wp:status>
		<wp:post_parent>0</wp:post_parent>
		<wp:menu_order>0</wp:menu_order>
		<wp:post_type><![CDATA[attachment]]></wp:post_type>
		<wp:post_password><![CDATA[]]></wp:post_password>
		<wp:is_sticky>0</wp:is_sticky>
		<wp:attachment_url><![CDATA[http://thegenius.co/wedding/demo/wp-content/uploads/2016/05/banner-default.jpg]]></wp:attachment_url>
		<wp:postmeta>
			<wp:meta_key><![CDATA[_wp_attached_file]]></wp:meta_key>
			<wp:meta_value><![CDATA[2016/05/banner-default.jpg]]></wp:meta_value>
		</wp:postmeta>
		<wp:postmeta>
			<wp:meta_key><![CDATA[_wp_attachment_metadata]]></wp:meta_key>
			<wp:meta_value><![CDATA[a:5:{s:5:"width";i:2000;s:6:"height";i:760;s:4:"file";s:26:"2016/05/banner-default.jpg";s:5:"sizes";a:7:{s:9:"thumbnail";a:4:{s:4:"file";s:26:"banner-default-150x150.jpg";s:5:"width";i:150;s:6:"height";i:150;s:9:"mime-type";s:10:"image/jpeg";}s:6:"medium";a:4:{s:4:"file";s:26:"banner-default-300x114.jpg";s:5:"width";i:300;s:6:"height";i:114;s:9:"mime-type";s:10:"image/jpeg";}s:12:"medium_large";a:4:{s:4:"file";s:26:"banner-default-768x292.jpg";s:5:"width";i:768;s:6:"height";i:292;s:9:"mime-type";s:10:"image/jpeg";}s:5:"large";a:4:{s:4:"file";s:27:"banner-default-1024x389.jpg";s:5:"width";i:1024;s:6:"height";i:389;s:9:"mime-type";s:10:"image/jpeg";}s:26:"weddingvendor_user_profile";a:4:{s:4:"file";s:26:"banner-default-290x290.jpg";s:5:"width";i:290;s:6:"height";i:290;s:9:"mime-type";s:10:"image/jpeg";}s:24:"weddingvendor_item_thumb";a:4:{s:4:"file";s:26:"banner-default-440x290.jpg";s:5:"width";i:440;s:6:"height";i:290;s:9:"mime-type";s:10:"image/jpeg";}s:24:"weddingvendor_hero_thumb";a:4:{s:4:"file";s:27:"banner-default-1900x600.jpg";s:5:"width";i:1900;s:6:"height";i:600;s:9:"mime-type";s:10:"image/jpeg";}}s:10:"image_meta";a:12:{s:8:"aperture";s:1:"0";s:6:"credit";s:0:"";s:6:"camera";s:0:"";s:7:"caption";s:0:"";s:17:"created_timestamp";s:1:"0";s:9:"copyright";s:0:"";s:12:"focal_length";s:1:"0";s:3:"iso";s:1:"0";s:13:"shutter_speed";s:1:"0";s:5:"title";s:0:"";s:11:"orientation";s:1:"0";s:8:"keywords";a:0:{}}}]]></wp:meta_value>
		</wp:postmeta>
	</item>
	<item>
		<title>360</title>
		<link>http://thegenius.co/wedding/demo/360/</link>
		<pubDate>Fri, 04 Nov 2016 16:33:00 +0000</pubDate>
		<dc:creator><![CDATA[admin]]></dc:creator>
		<guid isPermaLink="false">http://thegenius.co/wedding/demo/wp-content/uploads/2016/11/360.jpg</guid>
		<description></description>
		<content:encoded><![CDATA[]]></content:encoded>
		<excerpt:encoded><![CDATA[]]></excerpt:encoded>
		<wp:post_id>854</wp:post_id>
		<wp:post_date><![CDATA[2016-11-04 16:33:00]]></wp:post_date>
		<wp:post_date_gmt><![CDATA[2016-11-04 16:33:00]]></wp:post_date_gmt>
		<wp:comment_status><![CDATA[open]]></wp:comment_status>
		<wp:ping_status><![CDATA[closed]]></wp:ping_status>
		<wp:post_name><![CDATA[360]]></wp:post_name>
		<wp:status><![CDATA[inherit]]></wp:status>
		<wp:post_parent>0</wp:post_parent>
		<wp:menu_order>0</wp:menu_order>
		<wp:post_type><![CDATA[attachment]]></wp:post_type>
		<wp:post_password><![CDATA[]]></wp:post_password>
		<wp:is_sticky>0</wp:is_sticky>
		<wp:attachment_url><![CDATA[http://thegenius.co/wedding/demo/wp-content/uploads/2016/11/360.jpg]]></wp:attachment_url>
		<wp:postmeta>
			<wp:meta_key><![CDATA[_wp_attached_file]]></wp:meta_key>
			<wp:meta_value><![CDATA[2016/11/360.jpg]]></wp:meta_value>
		</wp:postmeta>
		<wp:postmeta>
			<wp:meta_key><![CDATA[_wp_attachment_metadata]]></wp:meta_key>
			<wp:meta_value><![CDATA[a:5:{s:5:"width";i:360;s:6:"height";i:250;s:4:"file";s:15:"2016/11/360.jpg";s:5:"sizes";a:3:{s:9:"thumbnail";a:4:{s:4:"file";s:15:"360-150x150.jpg";s:5:"width";i:150;s:6:"height";i:150;s:9:"mime-type";s:10:"image/jpeg";}s:6:"medium";a:4:{s:4:"file";s:15:"360-300x208.jpg";s:5:"width";i:300;s:6:"height";i:208;s:9:"mime-type";s:10:"image/jpeg";}s:26:"weddingvendor_user_profile";a:4:{s:4:"file";s:15:"360-290x250.jpg";s:5:"width";i:290;s:6:"height";i:250;s:9:"mime-type";s:10:"image/jpeg";}}s:10:"image_meta";a:12:{s:8:"aperture";s:1:"0";s:6:"credit";s:0:"";s:6:"camera";s:0:"";s:7:"caption";s:0:"";s:17:"created_timestamp";s:1:"0";s:9:"copyright";s:0:"";s:12:"focal_length";s:1:"0";s:3:"iso";s:1:"0";s:13:"shutter_speed";s:1:"0";s:5:"title";s:0:"";s:11:"orientation";s:1:"0";s:8:"keywords";a:0:{}}}]]></wp:meta_value>
		</wp:postmeta>
	</item>
	<item>
		<title>1900</title>
		<link>http://thegenius.co/wedding/demo/1900/</link>
		<pubDate>Fri, 04 Nov 2016 16:36:24 +0000</pubDate>
		<dc:creator><![CDATA[admin]]></dc:creator>
		<guid isPermaLink="false">http://thegenius.co/wedding/demo/wp-content/uploads/2016/11/1900.jpg</guid>
		<description></description>
		<content:encoded><![CDATA[]]></content:encoded>
		<excerpt:encoded><![CDATA[]]></excerpt:encoded>
		<wp:post_id>856</wp:post_id>
		<wp:post_date><![CDATA[2016-11-04 16:36:24]]></wp:post_date>
		<wp:post_date_gmt><![CDATA[2016-11-04 16:36:24]]></wp:post_date_gmt>
		<wp:comment_status><![CDATA[open]]></wp:comment_status>
		<wp:ping_status><![CDATA[closed]]></wp:ping_status>
		<wp:post_name><![CDATA[1900]]></wp:post_name>
		<wp:status><![CDATA[inherit]]></wp:status>
		<wp:post_parent>0</wp:post_parent>
		<wp:menu_order>0</wp:menu_order>
		<wp:post_type><![CDATA[attachment]]></wp:post_type>
		<wp:post_password><![CDATA[]]></wp:post_password>
		<wp:is_sticky>0</wp:is_sticky>
		<wp:attachment_url><![CDATA[http://thegenius.co/wedding/demo/wp-content/uploads/2016/11/1900.jpg]]></wp:attachment_url>
		<wp:postmeta>
			<wp:meta_key><![CDATA[_wp_attached_file]]></wp:meta_key>
			<wp:meta_value><![CDATA[2016/11/1900.jpg]]></wp:meta_value>
		</wp:postmeta>
		<wp:postmeta>
			<wp:meta_key><![CDATA[_wp_attachment_metadata]]></wp:meta_key>
			<wp:meta_value><![CDATA[a:5:{s:5:"width";i:1900;s:6:"height";i:487;s:4:"file";s:16:"2016/11/1900.jpg";s:5:"sizes";a:7:{s:9:"thumbnail";a:4:{s:4:"file";s:16:"1900-150x150.jpg";s:5:"width";i:150;s:6:"height";i:150;s:9:"mime-type";s:10:"image/jpeg";}s:6:"medium";a:4:{s:4:"file";s:15:"1900-300x77.jpg";s:5:"width";i:300;s:6:"height";i:77;s:9:"mime-type";s:10:"image/jpeg";}s:12:"medium_large";a:4:{s:4:"file";s:16:"1900-768x197.jpg";s:5:"width";i:768;s:6:"height";i:197;s:9:"mime-type";s:10:"image/jpeg";}s:5:"large";a:4:{s:4:"file";s:17:"1900-1024x262.jpg";s:5:"width";i:1024;s:6:"height";i:262;s:9:"mime-type";s:10:"image/jpeg";}s:26:"weddingvendor_user_profile";a:4:{s:4:"file";s:16:"1900-290x290.jpg";s:5:"width";i:290;s:6:"height";i:290;s:9:"mime-type";s:10:"image/jpeg";}s:24:"weddingvendor_item_thumb";a:4:{s:4:"file";s:16:"1900-440x290.jpg";s:5:"width";i:440;s:6:"height";i:290;s:9:"mime-type";s:10:"image/jpeg";}s:24:"weddingvendor_hero_thumb";a:4:{s:4:"file";s:17:"1900-1900x487.jpg";s:5:"width";i:1900;s:6:"height";i:487;s:9:"mime-type";s:10:"image/jpeg";}}s:10:"image_meta";a:12:{s:8:"aperture";s:1:"0";s:6:"credit";s:0:"";s:6:"camera";s:0:"";s:7:"caption";s:0:"";s:17:"created_timestamp";s:1:"0";s:9:"copyright";s:0:"";s:12:"focal_length";s:1:"0";s:3:"iso";s:1:"0";s:13:"shutter_speed";s:1:"0";s:5:"title";s:0:"";s:11:"orientation";s:1:"0";s:8:"keywords";a:0:{}}}]]></wp:meta_value>
		</wp:postmeta>
	</item>
	<item>
		<title>slider</title>
		<link>http://thegenius.co/wedding/demo/item/demo11/slider/</link>
		<pubDate>Fri, 04 Nov 2016 16:44:12 +0000</pubDate>
		<dc:creator><![CDATA[uday]]></dc:creator>
		<guid isPermaLink="false">http://thegenius.co/wedding/demo/slider/</guid>
		<description></description>
		<content:encoded><![CDATA[]]></content:encoded>
		<excerpt:encoded><![CDATA[]]></excerpt:encoded>
		<wp:post_id>858</wp:post_id>
		<wp:post_date><![CDATA[2016-11-04 16:44:12]]></wp:post_date>
		<wp:post_date_gmt><![CDATA[2016-11-04 16:44:12]]></wp:post_date_gmt>
		<wp:comment_status><![CDATA[open]]></wp:comment_status>
		<wp:ping_status><![CDATA[closed]]></wp:ping_status>
		<wp:post_name><![CDATA[slider]]></wp:post_name>
		<wp:status><![CDATA[inherit]]></wp:status>
		<wp:post_parent>861</wp:post_parent>
		<wp:menu_order>0</wp:menu_order>
		<wp:post_type><![CDATA[attachment]]></wp:post_type>
		<wp:post_password><![CDATA[]]></wp:post_password>
		<wp:is_sticky>0</wp:is_sticky>
		<wp:attachment_url><![CDATA[http://thegenius.co/wedding/demo/wp-content/uploads/2016/11/slider.jpg]]></wp:attachment_url>
		<wp:postmeta>
			<wp:meta_key><![CDATA[_wp_attached_file]]></wp:meta_key>
			<wp:meta_value><![CDATA[2016/11/slider.jpg]]></wp:meta_value>
		</wp:postmeta>
		<wp:postmeta>
			<wp:meta_key><![CDATA[_wp_attachment_metadata]]></wp:meta_key>
			<wp:meta_value><![CDATA[a:5:{s:5:"width";i:1900;s:6:"height";i:600;s:4:"file";s:18:"2016/11/slider.jpg";s:5:"sizes";a:6:{s:9:"thumbnail";a:4:{s:4:"file";s:18:"slider-150x150.jpg";s:5:"width";i:150;s:6:"height";i:150;s:9:"mime-type";s:10:"image/jpeg";}s:6:"medium";a:4:{s:4:"file";s:17:"slider-300x95.jpg";s:5:"width";i:300;s:6:"height";i:95;s:9:"mime-type";s:10:"image/jpeg";}s:12:"medium_large";a:4:{s:4:"file";s:18:"slider-768x243.jpg";s:5:"width";i:768;s:6:"height";i:243;s:9:"mime-type";s:10:"image/jpeg";}s:5:"large";a:4:{s:4:"file";s:19:"slider-1024x323.jpg";s:5:"width";i:1024;s:6:"height";i:323;s:9:"mime-type";s:10:"image/jpeg";}s:26:"weddingvendor_user_profile";a:4:{s:4:"file";s:18:"slider-290x290.jpg";s:5:"width";i:290;s:6:"height";i:290;s:9:"mime-type";s:10:"image/jpeg";}s:24:"weddingvendor_item_thumb";a:4:{s:4:"file";s:18:"slider-440x290.jpg";s:5:"width";i:440;s:6:"height";i:290;s:9:"mime-type";s:10:"image/jpeg";}}s:10:"image_meta";a:12:{s:8:"aperture";s:1:"0";s:6:"credit";s:0:"";s:6:"camera";s:0:"";s:7:"caption";s:0:"";s:17:"created_timestamp";s:1:"0";s:9:"copyright";s:0:"";s:12:"focal_length";s:1:"0";s:3:"iso";s:1:"0";s:13:"shutter_speed";s:1:"0";s:5:"title";s:0:"";s:11:"orientation";s:1:"0";s:8:"keywords";a:0:{}}}]]></wp:meta_value>
		</wp:postmeta>
	</item>
	<item>
		<title>slider-2</title>
		<link>http://thegenius.co/wedding/demo/item/demo11/slider-2/</link>
		<pubDate>Fri, 04 Nov 2016 16:44:20 +0000</pubDate>
		<dc:creator><![CDATA[uday]]></dc:creator>
		<guid isPermaLink="false">http://thegenius.co/wedding/demo/slider-2/</guid>
		<description></description>
		<content:encoded><![CDATA[]]></content:encoded>
		<excerpt:encoded><![CDATA[]]></excerpt:encoded>
		<wp:post_id>859</wp:post_id>
		<wp:post_date><![CDATA[2016-11-04 16:44:20]]></wp:post_date>
		<wp:post_date_gmt><![CDATA[2016-11-04 16:44:20]]></wp:post_date_gmt>
		<wp:comment_status><![CDATA[open]]></wp:comment_status>
		<wp:ping_status><![CDATA[closed]]></wp:ping_status>
		<wp:post_name><![CDATA[slider-2]]></wp:post_name>
		<wp:status><![CDATA[inherit]]></wp:status>
		<wp:post_parent>861</wp:post_parent>
		<wp:menu_order>0</wp:menu_order>
		<wp:post_type><![CDATA[attachment]]></wp:post_type>
		<wp:post_password><![CDATA[]]></wp:post_password>
		<wp:is_sticky>0</wp:is_sticky>
		<wp:attachment_url><![CDATA[http://thegenius.co/wedding/demo/wp-content/uploads/2016/11/slider-2.jpg]]></wp:attachment_url>
		<wp:postmeta>
			<wp:meta_key><![CDATA[_wp_attached_file]]></wp:meta_key>
			<wp:meta_value><![CDATA[2016/11/slider-2.jpg]]></wp:meta_value>
		</wp:postmeta>
		<wp:postmeta>
			<wp:meta_key><![CDATA[_wp_attachment_metadata]]></wp:meta_key>
			<wp:meta_value><![CDATA[a:5:{s:5:"width";i:1900;s:6:"height";i:600;s:4:"file";s:20:"2016/11/slider-2.jpg";s:5:"sizes";a:6:{s:9:"thumbnail";a:4:{s:4:"file";s:20:"slider-2-150x150.jpg";s:5:"width";i:150;s:6:"height";i:150;s:9:"mime-type";s:10:"image/jpeg";}s:6:"medium";a:4:{s:4:"file";s:19:"slider-2-300x95.jpg";s:5:"width";i:300;s:6:"height";i:95;s:9:"mime-type";s:10:"image/jpeg";}s:12:"medium_large";a:4:{s:4:"file";s:20:"slider-2-768x243.jpg";s:5:"width";i:768;s:6:"height";i:243;s:9:"mime-type";s:10:"image/jpeg";}s:5:"large";a:4:{s:4:"file";s:21:"slider-2-1024x323.jpg";s:5:"width";i:1024;s:6:"height";i:323;s:9:"mime-type";s:10:"image/jpeg";}s:26:"weddingvendor_user_profile";a:4:{s:4:"file";s:20:"slider-2-290x290.jpg";s:5:"width";i:290;s:6:"height";i:290;s:9:"mime-type";s:10:"image/jpeg";}s:24:"weddingvendor_item_thumb";a:4:{s:4:"file";s:20:"slider-2-440x290.jpg";s:5:"width";i:440;s:6:"height";i:290;s:9:"mime-type";s:10:"image/jpeg";}}s:10:"image_meta";a:12:{s:8:"aperture";s:1:"0";s:6:"credit";s:0:"";s:6:"camera";s:0:"";s:7:"caption";s:0:"";s:17:"created_timestamp";s:1:"0";s:9:"copyright";s:0:"";s:12:"focal_length";s:1:"0";s:3:"iso";s:1:"0";s:13:"shutter_speed";s:1:"0";s:5:"title";s:0:"";s:11:"orientation";s:1:"0";s:8:"keywords";a:0:{}}}]]></wp:meta_value>
		</wp:postmeta>
	</item>
	<item>
		<title>slider-3</title>
		<link>http://thegenius.co/wedding/demo/item/demo11/slider-3/</link>
		<pubDate>Fri, 04 Nov 2016 16:44:35 +0000</pubDate>
		<dc:creator><![CDATA[uday]]></dc:creator>
		<guid isPermaLink="false">http://thegenius.co/wedding/demo/slider-3/</guid>
		<description></description>
		<content:encoded><![CDATA[]]></content:encoded>
		<excerpt:encoded><![CDATA[]]></excerpt:encoded>
		<wp:post_id>860</wp:post_id>
		<wp:post_date><![CDATA[2016-11-04 16:44:35]]></wp:post_date>
		<wp:post_date_gmt><![CDATA[2016-11-04 16:44:35]]></wp:post_date_gmt>
		<wp:comment_status><![CDATA[open]]></wp:comment_status>
		<wp:ping_status><![CDATA[closed]]></wp:ping_status>
		<wp:post_name><![CDATA[slider-3]]></wp:post_name>
		<wp:status><![CDATA[inherit]]></wp:status>
		<wp:post_parent>861</wp:post_parent>
		<wp:menu_order>0</wp:menu_order>
		<wp:post_type><![CDATA[attachment]]></wp:post_type>
		<wp:post_password><![CDATA[]]></wp:post_password>
		<wp:is_sticky>0</wp:is_sticky>
		<wp:attachment_url><![CDATA[http://thegenius.co/wedding/demo/wp-content/uploads/2016/11/slider-3.jpg]]></wp:attachment_url>
		<wp:postmeta>
			<wp:meta_key><![CDATA[_wp_attached_file]]></wp:meta_key>
			<wp:meta_value><![CDATA[2016/11/slider-3.jpg]]></wp:meta_value>
		</wp:postmeta>
		<wp:postmeta>
			<wp:meta_key><![CDATA[_wp_attachment_metadata]]></wp:meta_key>
			<wp:meta_value><![CDATA[a:5:{s:5:"width";i:1910;s:6:"height";i:600;s:4:"file";s:20:"2016/11/slider-3.jpg";s:5:"sizes";a:7:{s:9:"thumbnail";a:4:{s:4:"file";s:20:"slider-3-150x150.jpg";s:5:"width";i:150;s:6:"height";i:150;s:9:"mime-type";s:10:"image/jpeg";}s:6:"medium";a:4:{s:4:"file";s:19:"slider-3-300x94.jpg";s:5:"width";i:300;s:6:"height";i:94;s:9:"mime-type";s:10:"image/jpeg";}s:12:"medium_large";a:4:{s:4:"file";s:20:"slider-3-768x241.jpg";s:5:"width";i:768;s:6:"height";i:241;s:9:"mime-type";s:10:"image/jpeg";}s:5:"large";a:4:{s:4:"file";s:21:"slider-3-1024x322.jpg";s:5:"width";i:1024;s:6:"height";i:322;s:9:"mime-type";s:10:"image/jpeg";}s:26:"weddingvendor_user_profile";a:4:{s:4:"file";s:20:"slider-3-290x290.jpg";s:5:"width";i:290;s:6:"height";i:290;s:9:"mime-type";s:10:"image/jpeg";}s:24:"weddingvendor_item_thumb";a:4:{s:4:"file";s:20:"slider-3-440x290.jpg";s:5:"width";i:440;s:6:"height";i:290;s:9:"mime-type";s:10:"image/jpeg";}s:24:"weddingvendor_hero_thumb";a:4:{s:4:"file";s:21:"slider-3-1900x600.jpg";s:5:"width";i:1900;s:6:"height";i:600;s:9:"mime-type";s:10:"image/jpeg";}}s:10:"image_meta";a:12:{s:8:"aperture";s:1:"0";s:6:"credit";s:0:"";s:6:"camera";s:0:"";s:7:"caption";s:0:"";s:17:"created_timestamp";s:1:"0";s:9:"copyright";s:0:"";s:12:"focal_length";s:1:"0";s:3:"iso";s:1:"0";s:13:"shutter_speed";s:1:"0";s:5:"title";s:0:"";s:11:"orientation";s:1:"0";s:8:"keywords";a:0:{}}}]]></wp:meta_value>
		</wp:postmeta>
	</item>
</channel>
</rss>
