<?xml version="1.0" encoding="UTF-8" ?>
<!-- This is a WordPress eXtended RSS file generated by WordPress as an export of your site. -->
<!-- It contains information about your site's posts, pages, comments, categories, and other content. -->
<!-- You may use this file to transfer that content from one site to another. -->
<!-- This file is not intended to serve as a complete backup of your site. -->

<!-- To import this information into a WordPress site follow these steps: -->
<!-- 1. Log in to that site as an administrator. -->
<!-- 2. Go to Tools: Import in the WordPress admin panel. -->
<!-- 3. Install the "WordPress" importer from the list. -->
<!-- 4. Activate & Run Importer. -->
<!-- 5. Upload this file using the form provided on that page. -->
<!-- 6. You will first be asked to map the authors in this export file to users -->
<!--    on the site. For each author, you may choose to map to an -->
<!--    existing user on the site or to create a new user. -->
<!-- 7. WordPress will then import each of the posts, pages, comments, categories, etc. -->
<!--    contained in this file into your site. -->

<!-- generator="WordPress/4.7.2" created="2017-01-31 06:31" -->
<rss version="2.0"
	xmlns:excerpt="http://wordpress.org/export/1.2/excerpt/"
	xmlns:content="http://purl.org/rss/1.0/modules/content/"
	xmlns:wfw="http://wellformedweb.org/CommentAPI/"
	xmlns:dc="http://purl.org/dc/elements/1.1/"
	xmlns:wp="http://wordpress.org/export/1.2/"
>

<channel>
	<title>Test</title>
	<link>http://thegenius.co/wedding/demo</link>
	<description>Just another WordPress site</description>
	<pubDate>Tue, 31 Jan 2017 06:31:30 +0000</pubDate>
	<language>en-US</language>
	<wp:wxr_version>1.2</wp:wxr_version>
	<wp:base_site_url>http://thegenius.co/wedding/demo</wp:base_site_url>
	<wp:base_blog_url>http://thegenius.co/wedding/demo</wp:base_blog_url>

	<wp:author><wp:author_id>1</wp:author_id><wp:author_login><![CDATA[admin]]></wp:author_login><wp:author_email><![CDATA[udayraj.mscit@gmail.com]]></wp:author_email><wp:author_display_name><![CDATA[admin]]></wp:author_display_name><wp:author_first_name><![CDATA[]]></wp:author_first_name><wp:author_last_name><![CDATA[]]></wp:author_last_name></wp:author>


	<generator>https://wordpress.org/?v=4.7.2</generator>

	<item>
		<title>Home</title>
		<link>http://thegenius.co/wedding/demo/</link>
		<pubDate>Tue, 24 May 2016 10:11:58 +0000</pubDate>
		<dc:creator><![CDATA[admin]]></dc:creator>
		<guid isPermaLink="false">http://thegenius.co/wedding/demo/?page_id=5</guid>
		<description></description>
		<content:encoded><![CDATA[[space class='feature-section' title='Your Wedding Planing Start Here'] [row]
[column md="4"]
[iconbox icon="http://thegenius.co/wedding/demo/wp-content/uploads/2016/06/vendor.png" layout="icon-box-center" title="Find local vendor" button_text="" button_url=""]Many desktop publishing packages and web page editors now use Lorem Ipsum as their default model text.[/iconbox]
[/column]
[column md="4"]
[iconbox icon="http://thegenius.co/wedding/demo/wp-content/uploads/2016/06/mail.png" layout="icon-box-center" title="Contact vendor" button_text="" button_url=""]Various versions have evolved over the years, sometimes by accident, sometimes on purpose (injected humour and the like).[/iconbox]
[/column]
[column md="4"]
[iconbox icon="http://thegenius.co/wedding/demo/wp-content/uploads/2016/06/couple.png" layout="icon-box-center" title="Save Your Date" button_text="" button_url=""]The generated Lorem Ipsum is therefore always free from repetition, injected humour, or non-characteristic words etc.[/iconbox]
[/column]
[/row]
[/space][featured-block title='Featured Wedding Vendor' class='tp-section'][space class='feature-section' title='Top Wedding Locations'] [row]
[column md="4"]
[location image='http://thegenius.co/wedding/demo/wp-content/uploads/2016/06/location-pic-demo.jpg' title='Surat' url='#'][/location]
[/column]
[column md="4"]
[location image='http://thegenius.co/wedding/demo/wp-content/uploads/2016/06/location-pic-demo.jpg' title='Rajkot' url='#'][/location]
[/column]
[column md="4"]
[location image='http://thegenius.co/wedding/demo/wp-content/uploads/2016/06/location-pic-demo.jpg' title='Gandhinagar' url='#'][/location]
[/column]
[/row] [row]
[column md="8"]
[location image='http://thegenius.co/wedding/demo/wp-content/uploads/2016/06/location-pic-4-demo.jpg' title='Ahmedabad' url='#'][/location]
[/column]
[column md="4"]
[location image='http://thegenius.co/wedding/demo/wp-content/uploads/2016/06/location-pic-demo.jpg' title='Vadodara' url='#'][/location]
[/column]
[/row]
[/space][testimonial-block title='Just Get Married Happy Couple' class='tp-section'][space class='feature-section' ] [row]
[column md="6"]
[iconbox icon="http://thegenius.co/wedding/demo/wp-content/uploads/2016/06/couple_big.png" layout="icon-box-feature" title="Are you couple find the venue & save your date." button_text="Find Vendor" button_url="#"]Various versions have evolved over the years, sometimes by accident, sometimes on purpose (injected humour and the like).[/iconbox]
[/column]
[column md="6"]
[iconbox icon="http://thegenius.co/wedding/demo/wp-content/uploads/2016/06/vendor-big.png" layout="icon-box-feature" title="Are you couple find the venue & save your date." button_text="Add Your Listing" button_url="#"]Fusce eget elementum quam, vel tempor justo. Ut imperdiet eget sapien dictum aliquam. Nulla maximus sodales dignissim.[/iconbox]
[/column]
[/row]
[/space] ]]></content:encoded>
		<excerpt:encoded><![CDATA[]]></excerpt:encoded>
		<wp:post_id>5</wp:post_id>
		<wp:post_date><![CDATA[2016-05-24 10:11:58]]></wp:post_date>
		<wp:post_date_gmt><![CDATA[2016-05-24 10:11:58]]></wp:post_date_gmt>
		<wp:comment_status><![CDATA[closed]]></wp:comment_status>
		<wp:ping_status><![CDATA[closed]]></wp:ping_status>
		<wp:post_name><![CDATA[home]]></wp:post_name>
		<wp:status><![CDATA[publish]]></wp:status>
		<wp:post_parent>0</wp:post_parent>
		<wp:menu_order>0</wp:menu_order>
		<wp:post_type><![CDATA[page]]></wp:post_type>
		<wp:post_password><![CDATA[]]></wp:post_password>
		<wp:is_sticky>0</wp:is_sticky>
		<wp:postmeta>
			<wp:meta_key><![CDATA[_wp_page_template]]></wp:meta_key>
			<wp:meta_value><![CDATA[page-templates/page-slider.php]]></wp:meta_value>
		</wp:postmeta>
		<wp:postmeta>
			<wp:meta_key><![CDATA[_wp_page_template]]></wp:meta_key>
			<wp:meta_value><![CDATA[page-templates/page-slider.php]]></wp:meta_value>
		</wp:postmeta>
	</item>
	<item>
		<title>Dashboard</title>
		<link>http://thegenius.co/wedding/demo/dashboard/</link>
		<pubDate>Tue, 24 May 2016 10:12:13 +0000</pubDate>
		<dc:creator><![CDATA[admin]]></dc:creator>
		<guid isPermaLink="false">http://thegenius.co/wedding/demo/?page_id=7</guid>
		<description></description>
		<content:encoded><![CDATA[]]></content:encoded>
		<excerpt:encoded><![CDATA[]]></excerpt:encoded>
		<wp:post_id>7</wp:post_id>
		<wp:post_date><![CDATA[2016-05-24 10:12:13]]></wp:post_date>
		<wp:post_date_gmt><![CDATA[2016-05-24 10:12:13]]></wp:post_date_gmt>
		<wp:comment_status><![CDATA[closed]]></wp:comment_status>
		<wp:ping_status><![CDATA[closed]]></wp:ping_status>
		<wp:post_name><![CDATA[dashboard]]></wp:post_name>
		<wp:status><![CDATA[publish]]></wp:status>
		<wp:post_parent>0</wp:post_parent>
		<wp:menu_order>0</wp:menu_order>
		<wp:post_type><![CDATA[page]]></wp:post_type>
		<wp:post_password><![CDATA[]]></wp:post_password>
		<wp:is_sticky>0</wp:is_sticky>
		<wp:postmeta>
			<wp:meta_key><![CDATA[_wp_page_template]]></wp:meta_key>
			<wp:meta_value><![CDATA[page-templates/dashboard.php]]></wp:meta_value>
		</wp:postmeta>
		<wp:postmeta>
			<wp:meta_key><![CDATA[_wp_page_template]]></wp:meta_key>
			<wp:meta_value><![CDATA[page-templates/dashboard.php]]></wp:meta_value>
		</wp:postmeta>
	</item>
	<item>
		<title>Manage Listing</title>
		<link>http://thegenius.co/wedding/demo/manage-listing/</link>
		<pubDate>Tue, 24 May 2016 10:13:15 +0000</pubDate>
		<dc:creator><![CDATA[admin]]></dc:creator>
		<guid isPermaLink="false">http://thegenius.co/wedding/demo/?page_id=9</guid>
		<description></description>
		<content:encoded><![CDATA[]]></content:encoded>
		<excerpt:encoded><![CDATA[]]></excerpt:encoded>
		<wp:post_id>9</wp:post_id>
		<wp:post_date><![CDATA[2016-05-24 10:13:15]]></wp:post_date>
		<wp:post_date_gmt><![CDATA[2016-05-24 10:13:15]]></wp:post_date_gmt>
		<wp:comment_status><![CDATA[closed]]></wp:comment_status>
		<wp:ping_status><![CDATA[closed]]></wp:ping_status>
		<wp:post_name><![CDATA[manage-listing]]></wp:post_name>
		<wp:status><![CDATA[publish]]></wp:status>
		<wp:post_parent>0</wp:post_parent>
		<wp:menu_order>0</wp:menu_order>
		<wp:post_type><![CDATA[page]]></wp:post_type>
		<wp:post_password><![CDATA[]]></wp:post_password>
		<wp:is_sticky>0</wp:is_sticky>
		<wp:postmeta>
			<wp:meta_key><![CDATA[_wp_page_template]]></wp:meta_key>
			<wp:meta_value><![CDATA[page-templates/manage-listing.php]]></wp:meta_value>
		</wp:postmeta>
	</item>
	<item>
		<title>Add Listing</title>
		<link>http://thegenius.co/wedding/demo/add-listing/</link>
		<pubDate>Tue, 24 May 2016 10:13:44 +0000</pubDate>
		<dc:creator><![CDATA[admin]]></dc:creator>
		<guid isPermaLink="false">http://thegenius.co/wedding/demo/?page_id=11</guid>
		<description></description>
		<content:encoded><![CDATA[]]></content:encoded>
		<excerpt:encoded><![CDATA[]]></excerpt:encoded>
		<wp:post_id>11</wp:post_id>
		<wp:post_date><![CDATA[2016-05-24 10:13:44]]></wp:post_date>
		<wp:post_date_gmt><![CDATA[2016-05-24 10:13:44]]></wp:post_date_gmt>
		<wp:comment_status><![CDATA[closed]]></wp:comment_status>
		<wp:ping_status><![CDATA[closed]]></wp:ping_status>
		<wp:post_name><![CDATA[add-listing]]></wp:post_name>
		<wp:status><![CDATA[publish]]></wp:status>
		<wp:post_parent>0</wp:post_parent>
		<wp:menu_order>0</wp:menu_order>
		<wp:post_type><![CDATA[page]]></wp:post_type>
		<wp:post_password><![CDATA[]]></wp:post_password>
		<wp:is_sticky>0</wp:is_sticky>
		<wp:postmeta>
			<wp:meta_key><![CDATA[_wp_page_template]]></wp:meta_key>
			<wp:meta_value><![CDATA[page-templates/add-listing.php]]></wp:meta_value>
		</wp:postmeta>
	</item>
	<item>
		<title>Pricing Plan</title>
		<link>http://thegenius.co/wedding/demo/pricing-plan/</link>
		<pubDate>Tue, 24 May 2016 10:14:11 +0000</pubDate>
		<dc:creator><![CDATA[admin]]></dc:creator>
		<guid isPermaLink="false">http://thegenius.co/wedding/demo/?page_id=13</guid>
		<description></description>
		<content:encoded><![CDATA[]]></content:encoded>
		<excerpt:encoded><![CDATA[]]></excerpt:encoded>
		<wp:post_id>13</wp:post_id>
		<wp:post_date><![CDATA[2016-05-24 10:14:11]]></wp:post_date>
		<wp:post_date_gmt><![CDATA[2016-05-24 10:14:11]]></wp:post_date_gmt>
		<wp:comment_status><![CDATA[closed]]></wp:comment_status>
		<wp:ping_status><![CDATA[closed]]></wp:ping_status>
		<wp:post_name><![CDATA[pricing-plan]]></wp:post_name>
		<wp:status><![CDATA[publish]]></wp:status>
		<wp:post_parent>0</wp:post_parent>
		<wp:menu_order>0</wp:menu_order>
		<wp:post_type><![CDATA[page]]></wp:post_type>
		<wp:post_password><![CDATA[]]></wp:post_password>
		<wp:is_sticky>0</wp:is_sticky>
		<wp:postmeta>
			<wp:meta_key><![CDATA[_wp_page_template]]></wp:meta_key>
			<wp:meta_value><![CDATA[page-templates/package.php]]></wp:meta_value>
		</wp:postmeta>
	</item>
	<item>
		<title>Login</title>
		<link>http://thegenius.co/wedding/demo/login/</link>
		<pubDate>Tue, 24 May 2016 10:14:50 +0000</pubDate>
		<dc:creator><![CDATA[admin]]></dc:creator>
		<guid isPermaLink="false">http://thegenius.co/wedding/demo/?page_id=15</guid>
		<description></description>
		<content:encoded><![CDATA[<h1 style="text-align: center;">Welcome back to your account.</h1>
<p style="text-align: center;">We're happy to have you back. [row]
[column md="6" class="col-md-offset-3"]
[login-block title="Vendor Login"]
[/column]
[/row]</p>]]></content:encoded>
		<excerpt:encoded><![CDATA[]]></excerpt:encoded>
		<wp:post_id>15</wp:post_id>
		<wp:post_date><![CDATA[2016-05-24 10:14:50]]></wp:post_date>
		<wp:post_date_gmt><![CDATA[2016-05-24 10:14:50]]></wp:post_date_gmt>
		<wp:comment_status><![CDATA[closed]]></wp:comment_status>
		<wp:ping_status><![CDATA[closed]]></wp:ping_status>
		<wp:post_name><![CDATA[login]]></wp:post_name>
		<wp:status><![CDATA[publish]]></wp:status>
		<wp:post_parent>0</wp:post_parent>
		<wp:menu_order>0</wp:menu_order>
		<wp:post_type><![CDATA[page]]></wp:post_type>
		<wp:post_password><![CDATA[]]></wp:post_password>
		<wp:is_sticky>0</wp:is_sticky>
		<wp:postmeta>
			<wp:meta_key><![CDATA[_wp_page_template]]></wp:meta_key>
			<wp:meta_value><![CDATA[default]]></wp:meta_value>
		</wp:postmeta>
		<wp:postmeta>
			<wp:meta_key><![CDATA[_wp_page_template]]></wp:meta_key>
			<wp:meta_value><![CDATA[default]]></wp:meta_value>
		</wp:postmeta>
		<wp:postmeta>
			<wp:meta_key><![CDATA[_edit_last]]></wp:meta_key>
			<wp:meta_value><![CDATA[1]]></wp:meta_value>
		</wp:postmeta>
	</item>
	<item>
		<title>Register</title>
		<link>http://thegenius.co/wedding/demo/register/</link>
		<pubDate>Tue, 24 May 2016 10:15:27 +0000</pubDate>
		<dc:creator><![CDATA[admin]]></dc:creator>
		<guid isPermaLink="false">http://thegenius.co/wedding/demo/?page_id=17</guid>
		<description></description>
		<content:encoded><![CDATA[<h1 style="text-align: center;">Become a wedding vendor member</h1>
<p style="text-align: center;">Wedding Vendor works with thousands of wedding vendors worldwide. Vendors nearby are automatically includ in your wedding planning account.</p>
[row]
[column md="7"]
[register-block title="Vendor Registration"]
[/column]
[column md="5"]
[iconbox icon="http://thegenius.co/wedding/demo/wp-content/uploads/2016/06/envelop.png" layout="icon-box-main" title="Questions ? Contact us" button_text="Help Center" button_url="#"]Nam poenatis condimentum. Fusce risus odiamrper at, lacinia vel leo.[/iconbox]
[iconbox icon="http://thegenius.co/wedding/demo/wp-content/uploads/2016/06/pricing.png" layout="icon-box-main" title="Wedding Budget" button_text="View Pricing" button_url="#"]Venenatis conntum. Fusce risus odio, egestas sit amet ullamcornia vel leo.[/iconbox]
[/column]
[/row] ]]></content:encoded>
		<excerpt:encoded><![CDATA[]]></excerpt:encoded>
		<wp:post_id>17</wp:post_id>
		<wp:post_date><![CDATA[2016-05-24 10:15:27]]></wp:post_date>
		<wp:post_date_gmt><![CDATA[2016-05-24 10:15:27]]></wp:post_date_gmt>
		<wp:comment_status><![CDATA[closed]]></wp:comment_status>
		<wp:ping_status><![CDATA[closed]]></wp:ping_status>
		<wp:post_name><![CDATA[register]]></wp:post_name>
		<wp:status><![CDATA[publish]]></wp:status>
		<wp:post_parent>0</wp:post_parent>
		<wp:menu_order>0</wp:menu_order>
		<wp:post_type><![CDATA[page]]></wp:post_type>
		<wp:post_password><![CDATA[]]></wp:post_password>
		<wp:is_sticky>0</wp:is_sticky>
		<wp:postmeta>
			<wp:meta_key><![CDATA[_wp_page_template]]></wp:meta_key>
			<wp:meta_value><![CDATA[default]]></wp:meta_value>
		</wp:postmeta>
		<wp:postmeta>
			<wp:meta_key><![CDATA[_wp_page_template]]></wp:meta_key>
			<wp:meta_value><![CDATA[default]]></wp:meta_value>
		</wp:postmeta>
	</item>
	<item>
		<title>Help</title>
		<link>http://thegenius.co/wedding/demo/help/</link>
		<pubDate>Tue, 24 May 2016 10:16:13 +0000</pubDate>
		<dc:creator><![CDATA[admin]]></dc:creator>
		<guid isPermaLink="false">http://thegenius.co/wedding/demo/?page_id=21</guid>
		<description></description>
		<content:encoded><![CDATA[<h1 style="text-align: center;">Do you have a question ?</h1>
[row]
[column md="6"]
[faq]
[question title="Which payment methods are supported"]
Sed lacinia lectus sedurna luctus interdumras commodo porttitor always faucibus Nullam sollicitudin ultriciesleo non viverra neque laoreet amazin consectetur nisl sedblandit turpis enimac urabitur.
[/question]
[question title="What uisque ulrices eficiturn interdum justo"]
Sed lacinia lectus sedurna luctus interdumras commodo porttitor always faucibus Nullam sollicitudin ultriciesleo non viverra neque laoreet amazin consectetur nisl sedblandit turpis enimac urabitur.
[/question]
[question title="How ullam diissim nisiege luctus anteui"]
Mauris metus leoelemetum condimentum tellus velornare dictum ligula uisque vestibulum molestieerat euleifend turpis fermentum quisras offer massaelit potentiorbi rhoncus pellen tesque exanibus.
[/question]
[/faq]
[/column]
[column md="6"]
[faq]
[question title="Can I cancel or refund my subscription"]
Phasellus quislandit velitorbi aliquet vulputate sagittis usce lobortis velsit amet facilisis imperdiet Integer lacinia sodales eratonec dignissim felisa duivulputat a triiqu nullafelis rhoncus.
[/question]
[question title="Why tibulum consectetur lorem sagittis"]
Aenean varius ornare diamquis scelerisque. umsociis natoque penatibus etmagnis disarturientsitamet augue suscipit utfringilla velit sollicitudin In velest inturpis one sagittis interdu.
[/question]
[question title="Why sociis natoque magnis diaturient montes"]
Lacinia lectus sedurna luctus interdumras commodo porttitor always faucibus Nullam interdum libero utfringilla cursus tortor magna consectetur nisl sedblandit turpis urabitur.
[/question]
[/faq]
[/column]
[/row]
[row]
[column md="6"]
[iconbox icon="http://jituchauhan.com/wp-wedding/live/wp-content/uploads/2016/04/envelop.svg" layout="icon-box-main" title="Have questions? Contact us at" button_text="" button_url=""]We're here to help, 24 hours a day, 7 days a week utfrit inturpis one sagittis interdu. <a href="mailto:support@weddingvemndor.com">support@weddingvemndor.com</a>[/iconbox]
[/column]
[column md="6"]
[iconbox icon="http://jituchauhan.com/wp-wedding/live/wp-content/uploads/2016/04/ballon.svg" layout="icon-box-main" title="Want to know how it works ?" button_text="" button_url=""]Lacinia lectus sedurna luctus interdumras commodo pro utfringilla cursus tortor magna consectetur nisl sedblandit turpis <a href="mailto:support@weddingvemndor.com">Go to How it works.</a>[/iconbox][/column]
[/row] ]]></content:encoded>
		<excerpt:encoded><![CDATA[]]></excerpt:encoded>
		<wp:post_id>21</wp:post_id>
		<wp:post_date><![CDATA[2016-05-24 10:16:13]]></wp:post_date>
		<wp:post_date_gmt><![CDATA[2016-05-24 10:16:13]]></wp:post_date_gmt>
		<wp:comment_status><![CDATA[closed]]></wp:comment_status>
		<wp:ping_status><![CDATA[closed]]></wp:ping_status>
		<wp:post_name><![CDATA[help]]></wp:post_name>
		<wp:status><![CDATA[publish]]></wp:status>
		<wp:post_parent>0</wp:post_parent>
		<wp:menu_order>0</wp:menu_order>
		<wp:post_type><![CDATA[page]]></wp:post_type>
		<wp:post_password><![CDATA[]]></wp:post_password>
		<wp:is_sticky>0</wp:is_sticky>
		<wp:postmeta>
			<wp:meta_key><![CDATA[_wp_page_template]]></wp:meta_key>
			<wp:meta_value><![CDATA[default]]></wp:meta_value>
		</wp:postmeta>
		<wp:postmeta>
			<wp:meta_key><![CDATA[_wp_page_template]]></wp:meta_key>
			<wp:meta_value><![CDATA[default]]></wp:meta_value>
		</wp:postmeta>
	</item>
	<item>
		<title>Listing</title>
		<link>http://thegenius.co/wedding/demo/listing/</link>
		<pubDate>Tue, 24 May 2016 10:17:24 +0000</pubDate>
		<dc:creator><![CDATA[admin]]></dc:creator>
		<guid isPermaLink="false">http://thegenius.co/wedding/demo/?page_id=24</guid>
		<description></description>
		<content:encoded><![CDATA[]]></content:encoded>
		<excerpt:encoded><![CDATA[]]></excerpt:encoded>
		<wp:post_id>24</wp:post_id>
		<wp:post_date><![CDATA[2016-05-24 10:17:24]]></wp:post_date>
		<wp:post_date_gmt><![CDATA[2016-05-24 10:17:24]]></wp:post_date_gmt>
		<wp:comment_status><![CDATA[closed]]></wp:comment_status>
		<wp:ping_status><![CDATA[closed]]></wp:ping_status>
		<wp:post_name><![CDATA[listing]]></wp:post_name>
		<wp:status><![CDATA[publish]]></wp:status>
		<wp:post_parent>0</wp:post_parent>
		<wp:menu_order>0</wp:menu_order>
		<wp:post_type><![CDATA[page]]></wp:post_type>
		<wp:post_password><![CDATA[]]></wp:post_password>
		<wp:is_sticky>0</wp:is_sticky>
		<wp:postmeta>
			<wp:meta_key><![CDATA[_wp_page_template]]></wp:meta_key>
			<wp:meta_value><![CDATA[page-templates/listing-map.php]]></wp:meta_value>
		</wp:postmeta>
		<wp:postmeta>
			<wp:meta_key><![CDATA[_wp_page_template]]></wp:meta_key>
			<wp:meta_value><![CDATA[page-templates/listing-map.php]]></wp:meta_value>
		</wp:postmeta>
	</item>
	<item>
		<title>Bubba Style</title>
		<link>http://thegenius.co/wedding/demo/bubba-style/</link>
		<pubDate>Tue, 24 May 2016 10:17:59 +0000</pubDate>
		<dc:creator><![CDATA[admin]]></dc:creator>
		<guid isPermaLink="false">http://thegenius.co/wedding/demo/?page_id=26</guid>
		<description></description>
		<content:encoded><![CDATA[]]></content:encoded>
		<excerpt:encoded><![CDATA[]]></excerpt:encoded>
		<wp:post_id>26</wp:post_id>
		<wp:post_date><![CDATA[2016-05-24 10:17:59]]></wp:post_date>
		<wp:post_date_gmt><![CDATA[2016-05-24 10:17:59]]></wp:post_date_gmt>
		<wp:comment_status><![CDATA[closed]]></wp:comment_status>
		<wp:ping_status><![CDATA[closed]]></wp:ping_status>
		<wp:post_name><![CDATA[bubba-style]]></wp:post_name>
		<wp:status><![CDATA[publish]]></wp:status>
		<wp:post_parent>0</wp:post_parent>
		<wp:menu_order>0</wp:menu_order>
		<wp:post_type><![CDATA[page]]></wp:post_type>
		<wp:post_password><![CDATA[]]></wp:post_password>
		<wp:is_sticky>0</wp:is_sticky>
		<wp:postmeta>
			<wp:meta_key><![CDATA[_wp_page_template]]></wp:meta_key>
			<wp:meta_value><![CDATA[page-templates/listing-bubba.php]]></wp:meta_value>
		</wp:postmeta>
		<wp:postmeta>
			<wp:meta_key><![CDATA[_wp_page_template]]></wp:meta_key>
			<wp:meta_value><![CDATA[page-templates/listing-bubba.php]]></wp:meta_value>
		</wp:postmeta>
	</item>
	<item>
		<title>Oscar Style</title>
		<link>http://thegenius.co/wedding/demo/oscar-style/</link>
		<pubDate>Tue, 24 May 2016 10:18:29 +0000</pubDate>
		<dc:creator><![CDATA[admin]]></dc:creator>
		<guid isPermaLink="false">http://thegenius.co/wedding/demo/?page_id=28</guid>
		<description></description>
		<content:encoded><![CDATA[]]></content:encoded>
		<excerpt:encoded><![CDATA[]]></excerpt:encoded>
		<wp:post_id>28</wp:post_id>
		<wp:post_date><![CDATA[2016-05-24 10:18:29]]></wp:post_date>
		<wp:post_date_gmt><![CDATA[2016-05-24 10:18:29]]></wp:post_date_gmt>
		<wp:comment_status><![CDATA[closed]]></wp:comment_status>
		<wp:ping_status><![CDATA[closed]]></wp:ping_status>
		<wp:post_name><![CDATA[oscar-style]]></wp:post_name>
		<wp:status><![CDATA[publish]]></wp:status>
		<wp:post_parent>0</wp:post_parent>
		<wp:menu_order>0</wp:menu_order>
		<wp:post_type><![CDATA[page]]></wp:post_type>
		<wp:post_password><![CDATA[]]></wp:post_password>
		<wp:is_sticky>0</wp:is_sticky>
		<wp:postmeta>
			<wp:meta_key><![CDATA[_wp_page_template]]></wp:meta_key>
			<wp:meta_value><![CDATA[page-templates/listing-oscar.php]]></wp:meta_value>
		</wp:postmeta>
		<wp:postmeta>
			<wp:meta_key><![CDATA[_wp_page_template]]></wp:meta_key>
			<wp:meta_value><![CDATA[page-templates/listing-oscar.php]]></wp:meta_value>
		</wp:postmeta>
	</item>
	<item>
		<title>Contact Us</title>
		<link>http://thegenius.co/wedding/demo/contact-us/</link>
		<pubDate>Tue, 24 May 2016 10:21:09 +0000</pubDate>
		<dc:creator><![CDATA[admin]]></dc:creator>
		<guid isPermaLink="false">http://thegenius.co/wedding/demo/?page_id=34</guid>
		<description></description>
		<content:encoded><![CDATA[Please fill out the form below and we will get back to you as soon as possible.
[row]
[column md="6"]
[contact-form-7 id="149" title="Contact Us"]
[/column]
[column md="6"]
[custom-box class="well-box contact-info"]
<ul class="listnone">
 	<li class="address">
<h2><i class="fa fa-map-marker"></i>Location</h2>
1228 Hawks Nest Lane
Saint Louis, MO 63143</li>
 	<li class="email">
<h2><i class="fa fa-envelope"></i>E-Mail</h2>
Info@weddingvendor.com</li>
 	<li class="call">
<h2><i class="fa fa-phone"></i>Contact</h2>
+1800-123-4567</li>
</ul>
[/custom-box][custom-box class="well-box"]<h2>Need Help ?</h2><p>Are you an advertiser enquiring about advertising in You &amp; Your Wedding or on weddingvendor? Please <a href="#">click here </a>to contact the advertising team.</p>
[/custom-box]
[/column]
[/row] ]]></content:encoded>
		<excerpt:encoded><![CDATA[]]></excerpt:encoded>
		<wp:post_id>34</wp:post_id>
		<wp:post_date><![CDATA[2016-05-24 10:21:09]]></wp:post_date>
		<wp:post_date_gmt><![CDATA[2016-05-24 10:21:09]]></wp:post_date_gmt>
		<wp:comment_status><![CDATA[closed]]></wp:comment_status>
		<wp:ping_status><![CDATA[closed]]></wp:ping_status>
		<wp:post_name><![CDATA[contact-us]]></wp:post_name>
		<wp:status><![CDATA[publish]]></wp:status>
		<wp:post_parent>0</wp:post_parent>
		<wp:menu_order>0</wp:menu_order>
		<wp:post_type><![CDATA[page]]></wp:post_type>
		<wp:post_password><![CDATA[]]></wp:post_password>
		<wp:is_sticky>0</wp:is_sticky>
		<wp:postmeta>
			<wp:meta_key><![CDATA[_wp_page_template]]></wp:meta_key>
			<wp:meta_value><![CDATA[default]]></wp:meta_value>
		</wp:postmeta>
		<wp:postmeta>
			<wp:meta_key><![CDATA[_wp_page_template]]></wp:meta_key>
			<wp:meta_value><![CDATA[default]]></wp:meta_value>
		</wp:postmeta>
	</item>
	<item>
		<title>My Profile</title>
		<link>http://thegenius.co/wedding/demo/my-profile/</link>
		<pubDate>Tue, 24 May 2016 11:23:59 +0000</pubDate>
		<dc:creator><![CDATA[admin]]></dc:creator>
		<guid isPermaLink="false">http://thegenius.co/wedding/demo/?page_id=79</guid>
		<description></description>
		<content:encoded><![CDATA[]]></content:encoded>
		<excerpt:encoded><![CDATA[]]></excerpt:encoded>
		<wp:post_id>79</wp:post_id>
		<wp:post_date><![CDATA[2016-05-24 11:23:59]]></wp:post_date>
		<wp:post_date_gmt><![CDATA[2016-05-24 11:23:59]]></wp:post_date_gmt>
		<wp:comment_status><![CDATA[closed]]></wp:comment_status>
		<wp:ping_status><![CDATA[closed]]></wp:ping_status>
		<wp:post_name><![CDATA[my-profile]]></wp:post_name>
		<wp:status><![CDATA[publish]]></wp:status>
		<wp:post_parent>0</wp:post_parent>
		<wp:menu_order>0</wp:menu_order>
		<wp:post_type><![CDATA[page]]></wp:post_type>
		<wp:post_password><![CDATA[]]></wp:post_password>
		<wp:is_sticky>0</wp:is_sticky>
		<wp:postmeta>
			<wp:meta_key><![CDATA[_wp_page_template]]></wp:meta_key>
			<wp:meta_value><![CDATA[page-templates/user-profile.php]]></wp:meta_value>
		</wp:postmeta>
	</item>
	<item>
		<title>Blog</title>
		<link>http://thegenius.co/wedding/demo/blog/</link>
		<pubDate>Wed, 25 May 2016 10:16:42 +0000</pubDate>
		<dc:creator><![CDATA[admin]]></dc:creator>
		<guid isPermaLink="false">http://thegenius.co/wedding/demo/?page_id=141</guid>
		<description></description>
		<content:encoded><![CDATA[]]></content:encoded>
		<excerpt:encoded><![CDATA[]]></excerpt:encoded>
		<wp:post_id>141</wp:post_id>
		<wp:post_date><![CDATA[2016-05-25 10:16:42]]></wp:post_date>
		<wp:post_date_gmt><![CDATA[2016-05-25 10:16:42]]></wp:post_date_gmt>
		<wp:comment_status><![CDATA[closed]]></wp:comment_status>
		<wp:ping_status><![CDATA[closed]]></wp:ping_status>
		<wp:post_name><![CDATA[blog]]></wp:post_name>
		<wp:status><![CDATA[publish]]></wp:status>
		<wp:post_parent>0</wp:post_parent>
		<wp:menu_order>0</wp:menu_order>
		<wp:post_type><![CDATA[page]]></wp:post_type>
		<wp:post_password><![CDATA[]]></wp:post_password>
		<wp:is_sticky>0</wp:is_sticky>
		<wp:postmeta>
			<wp:meta_key><![CDATA[_wp_page_template]]></wp:meta_key>
			<wp:meta_value><![CDATA[page-templates/blog.php]]></wp:meta_value>
		</wp:postmeta>
		<wp:postmeta>
			<wp:meta_key><![CDATA[_wp_page_template]]></wp:meta_key>
			<wp:meta_value><![CDATA[page-templates/blog.php]]></wp:meta_value>
		</wp:postmeta>
	</item>
	<item>
		<title>FAQ&#039;s</title>
		<link>http://thegenius.co/wedding/demo/faqs/</link>
		<pubDate>Wed, 25 May 2016 10:57:26 +0000</pubDate>
		<dc:creator><![CDATA[admin]]></dc:creator>
		<guid isPermaLink="false">http://thegenius.co/wedding/demo/?page_id=153</guid>
		<description></description>
		<content:encoded><![CDATA[<h1>What to Ask Before You Book Vendor ?</h1>
When you are trying to select a venue for your wedding, Following are the key questions to ask before you decide to book your wedding venues.

[faq-block] ]]></content:encoded>
		<excerpt:encoded><![CDATA[]]></excerpt:encoded>
		<wp:post_id>153</wp:post_id>
		<wp:post_date><![CDATA[2016-05-25 10:57:26]]></wp:post_date>
		<wp:post_date_gmt><![CDATA[2016-05-25 10:57:26]]></wp:post_date_gmt>
		<wp:comment_status><![CDATA[closed]]></wp:comment_status>
		<wp:ping_status><![CDATA[closed]]></wp:ping_status>
		<wp:post_name><![CDATA[faqs]]></wp:post_name>
		<wp:status><![CDATA[publish]]></wp:status>
		<wp:post_parent>0</wp:post_parent>
		<wp:menu_order>0</wp:menu_order>
		<wp:post_type><![CDATA[page]]></wp:post_type>
		<wp:post_password><![CDATA[]]></wp:post_password>
		<wp:is_sticky>0</wp:is_sticky>
		<wp:postmeta>
			<wp:meta_key><![CDATA[_wp_page_template]]></wp:meta_key>
			<wp:meta_value><![CDATA[page-templates/page-sidebar.php]]></wp:meta_value>
		</wp:postmeta>
		<wp:postmeta>
			<wp:meta_key><![CDATA[_wp_page_template]]></wp:meta_key>
			<wp:meta_value><![CDATA[page-templates/page-sidebar.php]]></wp:meta_value>
		</wp:postmeta>
	</item>
	<item>
		<title>Columns</title>
		<link>http://thegenius.co/wedding/demo/columns/</link>
		<pubDate>Wed, 25 May 2016 11:17:33 +0000</pubDate>
		<dc:creator><![CDATA[admin]]></dc:creator>
		<guid isPermaLink="false">http://thegenius.co/wedding/demo/?page_id=168</guid>
		<description></description>
		<content:encoded><![CDATA[[row]
[column md="12"]
<h2>Full Columns</h2>
Dolor sitamet consectetur adipiscing maecenas dignissim ultrices leo eu dignissim vestibulum dolor nisi iaculis id placerat vel ullamcorper non ligula maecenas nec purus eu exmperdiet elementum vestibulum egestas vitae tellus non mattis donec pulvinar leoac ante viverra necgravida tortor aliquet aliquam ultricies lorem mattis fermentum aliqueterat velit pulvinar lectus vitae eleifend felis diam elit.

[/column]
[/row]
[row]
[column md="6"]
<h2>One Half Columns</h2>
Lorem ipsum dolor sit amet consectetur adipiscing elit aenean faucibus dui etmagna hendrerit, eusodales nisi nvalli Morbi quis fermentum anttiam vitae porta exnteger sodales augue odio inullamcorper anisi id eros vestibulum vehicula atfelis.

[/column]
[column md="6"]
<h2>One Half Columns</h2>
Lorem ipsum dolor sit amet consectetur adipiscing elit aenean faucibus dui etmagna hendrerit, eusodales nisi nvalli Morbi quis fermentum anttiam vitae porta exnteger sodales augue odio inullamcorper anisi id eros vestibulum vehicula atfelis.

[/column]
[/row]

[row]
[column md="12"]
<h2>Second Third Columns</h2>
[/column]
[/row]

[row]
[column md="8"]
<p>Lorem ipsum dolor sit amet consectetur adipiscing elit aenean faucibus dui etmagna hendrerit, eusodales nisi nvalli Morbi quis fermentum anttiam vitae porta exnteger sodales augue odio inullamcorper anisi id eros vestibulum vehicula atfelis.</p>
[/column]
[column md="4"]
<p>Lorem ipsum dolor sit amet consectetur adipiscing elit aenean faucibus dui etmagna hendrerit, eusodales nisi nvalli.</p>

[/column]
[/row][row]
[column md="4"]<p>Lorem ipsum dolor sit amet consectetur adipiscing elit aenean faucibus dui etmagna hendrerit, eusodales nisi nvalli.</p>
[/column]
[column md="8"]
<p>Lorem ipsum dolor sit amet consectetur adipiscing elit aenean faucibus dui etmagna hendrerit, eusodales nisi nvalli Morbi quis fermentum anttiam vitae porta exnteger sodales augue odio inullamcorper anisi id eros vestibulum vehicula atfelis.</p>
[/column]
[/row] [row]
[column md="4"]
<h2>One Third Columns</h2>
Duis ut lorem felis nulla porta venenatis ulcurabitur pulvinar sed massa id faucibus ultricie sems vitae luctus vestibulum turpis aliquam.

[/column]
[column md="4"]
<h2>One Third Columns</h2>
Duis ut lorem felis nulla porta venenatis ulcurabitur pulvinar sed massa id faucibus ultricie sems vitae luctus vestibulum turpis aliquam.

[/column]
[column md="4"]
<h2>One Third Columns</h2>
Duis ut lorem felis nulla porta venenatis ulcurabitur pulvinar sed massa id faucibus ultricie sems vitae luctus vestibulum turpis aliquam.

[/column]
[/row] [row]
[column md="3"]
<h2>One Fourth Columns</h2>
Gestas vitae tellus non mattis donecs pulvinar leoac ante viverrane gravida tortor aliquet aliquam.
[/column]
[column md="3"]
<h2>One Fourth Columns</h2>
Tempor felis nulla porta sed ultricie sem vitae massa pulvinar sed massa id porta sed faucibus.

[/column]
[column md="3"]
<h2>One Fourth Columns</h2>
Hendrerit fringilla enim a accumsan turpis porta tellus nec lacinia aliquam justo enim a accum quam.

[/column]
[column md="3"]
<h2>One Fourth Columns</h2>
Felis nulla porta sed ultricie sem vitae massa pulvinar sed massa id act porta sed ed ultricie sem fau.

[/column]
[/row] ]]></content:encoded>
		<excerpt:encoded><![CDATA[]]></excerpt:encoded>
		<wp:post_id>168</wp:post_id>
		<wp:post_date><![CDATA[2016-05-25 11:17:33]]></wp:post_date>
		<wp:post_date_gmt><![CDATA[2016-05-25 11:17:33]]></wp:post_date_gmt>
		<wp:comment_status><![CDATA[closed]]></wp:comment_status>
		<wp:ping_status><![CDATA[closed]]></wp:ping_status>
		<wp:post_name><![CDATA[columns]]></wp:post_name>
		<wp:status><![CDATA[publish]]></wp:status>
		<wp:post_parent>0</wp:post_parent>
		<wp:menu_order>0</wp:menu_order>
		<wp:post_type><![CDATA[page]]></wp:post_type>
		<wp:post_password><![CDATA[]]></wp:post_password>
		<wp:is_sticky>0</wp:is_sticky>
		<wp:postmeta>
			<wp:meta_key><![CDATA[_wp_page_template]]></wp:meta_key>
			<wp:meta_value><![CDATA[default]]></wp:meta_value>
		</wp:postmeta>
		<wp:postmeta>
			<wp:meta_key><![CDATA[_wp_page_template]]></wp:meta_key>
			<wp:meta_value><![CDATA[default]]></wp:meta_value>
		</wp:postmeta>
	</item>
	<item>
		<title>Accordion</title>
		<link>http://thegenius.co/wedding/demo/accordion/</link>
		<pubDate>Wed, 25 May 2016 11:17:47 +0000</pubDate>
		<dc:creator><![CDATA[admin]]></dc:creator>
		<guid isPermaLink="false">http://thegenius.co/wedding/demo/?page_id=170</guid>
		<description></description>
		<content:encoded><![CDATA[[accordion]
[section title="What is neque id eleifend etiam scelerisque nulla hendrerit? "]
Laoreet turpis non eleifend felis tortor qui diam praesented feugiat min metus tempofaucibus maecenas consectetur miat curabitur hender fringilla enim a accumsan turpis aliquamc fringilla nulla hendrerit leo eget suscipit rhoncus sed at ipsum consequat ac orci a semper act interdum elit cras elit magna vivera dictum laoreet tincidunt auctor eu at maecen consectetur curabitur hendrerit fringilla leo eget lorem ipsum.


Anim pariatur cliche reprehenderit, enim eiusmod high life accusamus terry richardson ad squid. 3 wolf moon officia aute, non cupidatat skateboard dolor brunch. Food truck quinoa nesciunt laborum eiusmod. Brunch 3 wolf moon tempor, sunt aliqua put a bird on it squid single-origin coffee nulla assumenda shoreditch et. Nihil anim keffiyeh helvetica, craft beer labore wes anderson cred nesciunt sapiente ea proident. Ad vegan excepteur butcher vice lomo. Leggings occaecat craft beer farm-to-table, raw denim aesthetic synth nesciunt you probably haven't heard of them accusamus labore sustainable VHS.
[/section]
[section title="How is auris tincidunt turpis id ligula semper utit? "]
Anim pariatur cliche reprehenderit, enim eiusmod high life accusamus terry richardson ad squid. 3 wolf moon officia aute, non cupidatat skateboard dolor brunch.


Food truck quinoa nesciunt laborum eiusmod. Brunch 3 wolf moon tempor, sunt aliqua put a bird on it squid single-origin coffee nulla assumenda shoreditch et. Nihil anim keffiyeh helvetica, craft beer labore wes anderson cred nesciunt sapiente ea proident. Ad vegan excepteur butcher vice lomo. Leggings occaecat craft beer farm-to-table, raw denim aesthetic synth nesciunt you probably haven't heard of them accusamus labore sustainable VHS.
[/section]
[section title="What us the pellentesque lacinia turpis et luctus semet ? "]
Anim pariatur cliche reprehenderit, enim eiusmod high life accusamus terry richardson ad squid. 3 wolf moon officia aute, non cupidatat skateboard dolor brunch. Food truck quinoa nesciunt laborum eiusmod. Brunch 3 wolf moon tempor, sunt aliqua put a bird on it squid single-origin coffee nulla assumenda shoreditch et. Nihil anim keffiyeh helvetica, craft beer labore wes anderson cred nesciunt sapiente ea proident. Ad vegan excepteur butcher vice lomo. Leggings occaecat craft beer farm-to-table, raw denim aesthetic synth nesciunt you probably haven't heard of them accusamus labore sustainable VHS.
[/section][section title="What is consectetur neque eget nunc non turpis atorci ? "]Anim pariatur cliche reprehenderit, enim eiusmod high life accusamus terry richardson ad squid. 3 wolf moon officia aute, non cupidatat skateboard dolor brunch. Food truck quinoa nesciunt laborum eiusmod. Brunch 3 wolf moon tempor, sunt aliqua put a bird on it squid single-origin coffee nulla assumenda shoreditch et. [/section][section title="What Felis nulla vestibulum volutpatm molestie metus blandit ? "]Anim pariatur cliche reprehenderit, enim eiusmod high life accusamus terry richardson ad squid. 3 wolf moon officia aute, non cupidatat skateboard dolor brunch. Food truck quinoa nesciunt laborum eiusmod. Brunch 3 wolf moon tempor, sunt aliqua put a bird on it squid single-origin coffee nulla assumenda shoreditch et. Nihil anim keffiyeh helvetica, craft beer labore wes anderson cred nesciunt sapiente ea proident. Ad vegan excepteur butcher vice lomo. Leggings occaecat craft beer farm-to-table, raw denim aesthetic synth nesciunt you probably haven't heard of them accusamus labore sustainable VHS. [/section]
[/accordion] ]]></content:encoded>
		<excerpt:encoded><![CDATA[]]></excerpt:encoded>
		<wp:post_id>170</wp:post_id>
		<wp:post_date><![CDATA[2016-05-25 11:17:47]]></wp:post_date>
		<wp:post_date_gmt><![CDATA[2016-05-25 11:17:47]]></wp:post_date_gmt>
		<wp:comment_status><![CDATA[closed]]></wp:comment_status>
		<wp:ping_status><![CDATA[closed]]></wp:ping_status>
		<wp:post_name><![CDATA[accordion]]></wp:post_name>
		<wp:status><![CDATA[publish]]></wp:status>
		<wp:post_parent>0</wp:post_parent>
		<wp:menu_order>0</wp:menu_order>
		<wp:post_type><![CDATA[page]]></wp:post_type>
		<wp:post_password><![CDATA[]]></wp:post_password>
		<wp:is_sticky>0</wp:is_sticky>
		<wp:postmeta>
			<wp:meta_key><![CDATA[_wp_page_template]]></wp:meta_key>
			<wp:meta_value><![CDATA[default]]></wp:meta_value>
		</wp:postmeta>
		<wp:postmeta>
			<wp:meta_key><![CDATA[_wp_page_template]]></wp:meta_key>
			<wp:meta_value><![CDATA[default]]></wp:meta_value>
		</wp:postmeta>
	</item>
	<item>
		<title>Tabs</title>
		<link>http://thegenius.co/wedding/demo/tabs/</link>
		<pubDate>Wed, 25 May 2016 11:18:01 +0000</pubDate>
		<dc:creator><![CDATA[admin]]></dc:creator>
		<guid isPermaLink="false">http://thegenius.co/wedding/demo/?page_id=172</guid>
		<description></description>
		<content:encoded><![CDATA[[tabgroup]
[tab title="Home" class="active"]
Lorem ipsum dolor sit amet, consectetur adipiscing elit. Nullam eget feugiat ipsum eget tentesque libero justo, feugiat vel fermentum a, ultricies vel libero. Nullam eget quam a enim pretium laoreet. Class aptent taciti sociosqu ad litora torquent per conubia nostra, per inceptos himenaeos. Mauris congue tristique lectus a blandit.Utimperdiet diam eget turpis placerat, et mattis nunc pellentesque. Maecenas non felis eu nisl aliquet vehicula eu id quam. Pellentesque vulputate interdum orci in semper.
[/tab]
[tab title="Profile"]

Fusce accumsan, mauris interdum bibendum condimentum, erat arcu congue nisi, in venenatis arcu nisi ac ex. Morbi tincidunt sit amet lorem inmolestie. Fusce vitae imperdiet ipsum, a faucibus nunc. Nunc gravida maximus ante nec lobortis. Quisque egestas consequat risusporttitor puru asellus a aliquet odio. Morbi ut nulla dapibus, imperdiet lectus feugiat, scelerisque dolor.
[/tab]
[tab title="Message"]

Morbi tincidunt sit amet lorem in molestie. Fusce vitae imperdiet ipsum, a faucibus nunc. Nunc gravida maximus ante nec lobortis. Quisque egestas consequat risus.

Vivamus vestibulum ultricies cursus. Fusce semper, libero vel eleifend elementum, nisl leo vulputate diam, tincidunt feugiat arcu libeos quis, fringilla ligula. Phasellus a aliquet odio. Morbi ut nulla dapibus, imperdiet lectus feugiat, scelerisque dolor.
[/tab]
[tab title="Setting"]

Fusce accumsan, mauris interdum bibendum condimentum, erat arcu congue nisi, in venenatis arcu nisi ac ex. Morbi tincidunt sit amet lorem in molestie. Fusce vitae imperdiet ipsum, a faucibus nunc. Nunc gravida maximus ante nec lobortis. Quisque egestas consequat risus, non congue dolor placerat vel. Integer vulputate, velit at molestie finibus, diam velit viverra libero, non pellentesque diam leo eget dui.

Viuada eros quis, fringilla ligula. Phasellus a aliquet odio. Morbi ut nulla dapibus, imperdiet lectus feugiat, scelerisque dolor.

[/tab]
[/tabgroup] ]]></content:encoded>
		<excerpt:encoded><![CDATA[]]></excerpt:encoded>
		<wp:post_id>172</wp:post_id>
		<wp:post_date><![CDATA[2016-05-25 11:18:01]]></wp:post_date>
		<wp:post_date_gmt><![CDATA[2016-05-25 11:18:01]]></wp:post_date_gmt>
		<wp:comment_status><![CDATA[closed]]></wp:comment_status>
		<wp:ping_status><![CDATA[closed]]></wp:ping_status>
		<wp:post_name><![CDATA[tabs]]></wp:post_name>
		<wp:status><![CDATA[publish]]></wp:status>
		<wp:post_parent>0</wp:post_parent>
		<wp:menu_order>0</wp:menu_order>
		<wp:post_type><![CDATA[page]]></wp:post_type>
		<wp:post_password><![CDATA[]]></wp:post_password>
		<wp:is_sticky>0</wp:is_sticky>
		<wp:postmeta>
			<wp:meta_key><![CDATA[_wp_page_template]]></wp:meta_key>
			<wp:meta_value><![CDATA[default]]></wp:meta_value>
		</wp:postmeta>
		<wp:postmeta>
			<wp:meta_key><![CDATA[_wp_page_template]]></wp:meta_key>
			<wp:meta_value><![CDATA[default]]></wp:meta_value>
		</wp:postmeta>
	</item>
	<item>
		<title>Alert</title>
		<link>http://thegenius.co/wedding/demo/alert/</link>
		<pubDate>Wed, 25 May 2016 11:18:48 +0000</pubDate>
		<dc:creator><![CDATA[admin]]></dc:creator>
		<guid isPermaLink="false">http://thegenius.co/wedding/demo/?page_id=174</guid>
		<description></description>
		<content:encoded><![CDATA[[alert class="alert alert-danger"]<strong>Warning!</strong> Please try again.[/alert]

[alert class="alert-warning"]<strong>Information !</strong> This alert needs your attention. [/alert]

[alert class="alert-success"]<strong>Notification Block !</strong> Your account has been created in our list successfully. [/alert]

[alert class="alert-info"]<strong>Standard Block !</strong> Your message for standard block is done. [/alert] ]]></content:encoded>
		<excerpt:encoded><![CDATA[]]></excerpt:encoded>
		<wp:post_id>174</wp:post_id>
		<wp:post_date><![CDATA[2016-05-25 11:18:48]]></wp:post_date>
		<wp:post_date_gmt><![CDATA[2016-05-25 11:18:48]]></wp:post_date_gmt>
		<wp:comment_status><![CDATA[closed]]></wp:comment_status>
		<wp:ping_status><![CDATA[closed]]></wp:ping_status>
		<wp:post_name><![CDATA[alert]]></wp:post_name>
		<wp:status><![CDATA[publish]]></wp:status>
		<wp:post_parent>0</wp:post_parent>
		<wp:menu_order>0</wp:menu_order>
		<wp:post_type><![CDATA[page]]></wp:post_type>
		<wp:post_password><![CDATA[]]></wp:post_password>
		<wp:is_sticky>0</wp:is_sticky>
		<wp:postmeta>
			<wp:meta_key><![CDATA[_wp_page_template]]></wp:meta_key>
			<wp:meta_value><![CDATA[default]]></wp:meta_value>
		</wp:postmeta>
		<wp:postmeta>
			<wp:meta_key><![CDATA[_wp_page_template]]></wp:meta_key>
			<wp:meta_value><![CDATA[default]]></wp:meta_value>
		</wp:postmeta>
	</item>
	<item>
		<title>Sample Page</title>
		<link>http://thegenius.co/wedding/demo/sample-page-2/</link>
		<pubDate>Tue, 24 May 2016 07:19:16 +0000</pubDate>
		<dc:creator><![CDATA[admin]]></dc:creator>
		<guid isPermaLink="false">http://thegenius.co/wedding/demo/?page_id=2</guid>
		<description></description>
		<content:encoded><![CDATA[This is an example page. It's different from a blog post because it will stay in one place and will show up in your site navigation (in most themes). Most people start with an About page that introduces them to potential site visitors. It might say something like this:

<blockquote>Hi there! I'm a bike messenger by day, aspiring actor by night, and this is my website. I live in Los Angeles, have a great dog named Jack, and I like pi&#241;a coladas. (And gettin' caught in the rain.)</blockquote>

...or something like this:

<blockquote>The XYZ Doohickey Company was founded in 1971, and has been providing quality doohickeys to the public ever since. Located in Gotham City, XYZ employs over 2,000 people and does all kinds of awesome things for the Gotham community.</blockquote>

As a new WordPress user, you should go to <a href="http://thegenius.co/wedding/demo/wp-admin/">your dashboard</a> to delete this page and create new pages for your content. Have fun!]]></content:encoded>
		<excerpt:encoded><![CDATA[]]></excerpt:encoded>
		<wp:post_id>850</wp:post_id>
		<wp:post_date><![CDATA[2016-05-24 07:19:16]]></wp:post_date>
		<wp:post_date_gmt><![CDATA[2016-05-24 07:19:16]]></wp:post_date_gmt>
		<wp:comment_status><![CDATA[closed]]></wp:comment_status>
		<wp:ping_status><![CDATA[open]]></wp:ping_status>
		<wp:post_name><![CDATA[sample-page-2]]></wp:post_name>
		<wp:status><![CDATA[publish]]></wp:status>
		<wp:post_parent>0</wp:post_parent>
		<wp:menu_order>0</wp:menu_order>
		<wp:post_type><![CDATA[page]]></wp:post_type>
		<wp:post_password><![CDATA[]]></wp:post_password>
		<wp:is_sticky>0</wp:is_sticky>
		<wp:postmeta>
			<wp:meta_key><![CDATA[_wp_page_template]]></wp:meta_key>
			<wp:meta_value><![CDATA[default]]></wp:meta_value>
		</wp:postmeta>
	</item>
	<item>
		<title>Sample Page</title>
		<link>http://thegenius.co/wedding/demo/sample-page/</link>
		<pubDate>Tue, 25 Oct 2016 13:20:10 +0000</pubDate>
		<dc:creator><![CDATA[admin]]></dc:creator>
		<guid isPermaLink="false">http://thegenius.co/wedding/demo/?page_id=2</guid>
		<description></description>
		<content:encoded><![CDATA[This is an example page. It's different from a blog post because it will stay in one place and will show up in your site navigation (in most themes). Most people start with an About page that introduces them to potential site visitors. It might say something like this:

<blockquote>Hi there! I'm a bike messenger by day, aspiring actor by night, and this is my website. I live in Los Angeles, have a great dog named Jack, and I like pi&#241;a coladas. (And gettin' caught in the rain.)</blockquote>

...or something like this:

<blockquote>The XYZ Doohickey Company was founded in 1971, and has been providing quality doohickeys to the public ever since. Located in Gotham City, XYZ employs over 2,000 people and does all kinds of awesome things for the Gotham community.</blockquote>

As a new WordPress user, you should go to <a href="http://thegenius.co/wedding/demo/wp-admin/">your dashboard</a> to delete this page and create new pages for your content. Have fun!]]></content:encoded>
		<excerpt:encoded><![CDATA[]]></excerpt:encoded>
		<wp:post_id>2</wp:post_id>
		<wp:post_date><![CDATA[2016-10-25 13:20:10]]></wp:post_date>
		<wp:post_date_gmt><![CDATA[2016-10-25 13:20:10]]></wp:post_date_gmt>
		<wp:comment_status><![CDATA[closed]]></wp:comment_status>
		<wp:ping_status><![CDATA[open]]></wp:ping_status>
		<wp:post_name><![CDATA[sample-page]]></wp:post_name>
		<wp:status><![CDATA[publish]]></wp:status>
		<wp:post_parent>0</wp:post_parent>
		<wp:menu_order>0</wp:menu_order>
		<wp:post_type><![CDATA[page]]></wp:post_type>
		<wp:post_password><![CDATA[]]></wp:post_password>
		<wp:is_sticky>0</wp:is_sticky>
		<wp:postmeta>
			<wp:meta_key><![CDATA[_wp_page_template]]></wp:meta_key>
			<wp:meta_value><![CDATA[default]]></wp:meta_value>
		</wp:postmeta>
	</item>
	<item>
		<title>About Us</title>
		<link>http://thegenius.co/wedding/demo/about-us/</link>
		<pubDate>Fri, 27 May 2016 11:13:16 +0000</pubDate>
		<dc:creator><![CDATA[admin]]></dc:creator>
		<guid isPermaLink="false">http://thegenius.co/wedding/demo/?page_id=406</guid>
		<description></description>
		<content:encoded><![CDATA[[scrollgroup]
[scroll title="About us" class="active"]
<h1>We are Weddings Finder.</h1>
<p class="lead">Welcome to wedding vendor, launch in 2015. We pride our selves on being a trusted friend someone to take on this journey with you making it fun from the start.</p>
We will support you and advise you. We are never short of suggestions or inspiring ideas.Our matchless, which makes finding beautiful wedding venue easier and one less thing for you to worry about.With our inspir blog, suggestions and sensational offers, no one understands weddings better than we do.
<div class="call-to-action well-box">
<h1>Online Wedding Planning</h1>
<h3 class="point">Advice &amp; Guide. | Save your date. | Forever free.</h3>
<img class="graphic img-responsive" src="http://thegenius.co/wedding/demo/wp-content/uploads/2016/05/cycle-graphic.png" alt="" /> <a class="btn tp-btn-default tp-btn-lg" href="#">Get start today</a>

</div>
[/scroll]
[scroll title="Meet The Team"]
<h1>Our Founder</h1>
[row]
[column md="4"]
<img class="img-responsive img-circle" src="http://thegenius.co/wedding/demo/wp-content/uploads/2016/06/founder-1.jpg" />
[/column]
[column md="8"]
<h2>Tisha</h2>
Nullam pellentesque congue ante ellentesque eget odio faucibus laoreet at pulvinar augueras ornare tincidunt nibh sodales tempus urabitur justo elit laoreet sed elit quis auctor placerat magna.

Find her on Twitter at <a href="#">@tisha</a>

[/column]
[/row] [row]
[column md="3" class="text-center team-block"]
<div class="team-pic"><a href="#"><img class="img-responsive" src="http://thegenius.co/wedding/demo/wp-content/uploads/2016/06/founder-1.jpg" alt="" /></a></div>
<h2><a href="#">Zella Drake</a></h2>
Chief Executive Officer
<div class=""></div>
[/column]
[column md="3" class="text-center team-block"]
<div class="team-pic"><a href="#"><img class="img-responsive" src="http://thegenius.co/wedding/demo/wp-content/uploads/2016/06/founder-1.jpg" alt="" /></a></div>
<h2><a href="#">Marie Ashcroft</a></h2>
Chief Executive Officer
<div class=""></div>
[/column]
[column md="3" class="text-center team-block"]
<div class="team-pic"><a href="#"><img class="img-responsive" src="http://thegenius.co/wedding/demo/wp-content/uploads/2016/06/founder-1.jpg" alt="" /></a></div>
<h2><a href="#">Avery Moseley</a></h2>
Chief Executive Officer
<div class=""></div>
[/column]
[column md="3" class="text-center team-block"]
<div class="team-pic"><a href="#"><img class="img-responsive" src="http://thegenius.co/wedding/demo/wp-content/uploads/2016/06/founder-1.jpg" alt="" /></a></div>
<h2><a href="#">Jimmie Tucker/a&gt;</a></h2>
Chief Executive Officer
<div class=""></div>
[/column]
[/row]
[/scroll]
[scroll title="How it works"]
<h1>How It Works</h1>
Lorem ipsum dolor sit amet, consectetur adipiscing elit. Duis ac purus eleifend, eleifend risus feugiat, consectetur extiam fermentum ligula ipsumincipsum dolor sit quis nisi dolor.

[row]
[column md="6" class="how-it-desc"]
<h2>Find the Vender</h2>
Sed id mollis exnteger eu veeger eu vehicula exliquam ultrices quis sem sed rutrumpendisse potentt laoreet faucibusus.

[/column]
[column md="4" class="text-center how-it-icon"]
<img src="http://thegenius.co/wedding/demo/wp-content/uploads/2016/06/vendor-1.png" alt="" />
[/column]
[/row]
[row]
[column md="4" class="text-center how-it-icon"]
<img src="http://thegenius.co/wedding/demo/wp-content/uploads/2016/06/list.png" alt="" />
[/column]
[column md="6" class="how-it-desc"]
<h2>Compare Proposal</h2>
Integer eu vehicula ex. Aliquam ultrices quis sem sed rutrum. Suspendisse potenti. Nam commodo nisi ut laoreet faucibus.

[/column]
[/row]
[row]
[column md="6" class="how-it-desc"]
<h2>Hire the Right Vender</h2>
Aliquam ultrices quis sem sed rutrumpendisse potenti. Nam commodo nisi ut laoreet faucibus lacus neque mollis nequeue libero at quam.

[/column]
[column md="4" class="text-center how-it-icon"]
<img src="http://thegenius.co/wedding/demo/wp-content/uploads/2016/06/vendor-1.png" alt="" />
[/column]
[/row]
[/scroll]
[scroll title="Our History"]
<h1>History</h1>
Cras acmetus sed arcu posuere interdu murabitur nunc sapienravida nec tempus eumn fermentum vitae erat raesent hendrerit ligula urnaonsec teturipsum estibulum justo ligula.
<ul class="timeline">
 	<li>
<div class="tl-circ"></div>
<div class="timeline-panel">
<div class="history-pic"><img class="img-responsive" src="http://thegenius.co/wedding/demo/wp-content/uploads/2016/05/post-pic-2-demo.jpg" alt="" /></div>
<div class="tl-heading">
<h1>2008</h1>
</div>
<div class="tl-body">
<h3>The Wedding Vandor Begins</h3>
Nullam ultricies venenatis enim sed sagittis. Donec sodales, eros necerisque suscipitonec
vitae elit dictum lectus gravida malesuadaInteger sapien nibh, bibendum a arcu quis.

</div>
</div></li>
 	<li class="timeline-inverted">
<div class="tl-circ"></div>
<div class="timeline-panel">
<div class="history-pic"><img class="img-responsive" src="http://thegenius.co/wedding/demo/wp-content/uploads/2016/05/post-pic-2-demo.jpg" alt="" /></div>
<div class="tl-heading">
<h1>2012</h1>
</div>
<div class="tl-body">
<h3>The First Office</h3>
Nullam ultricies venenatis enim sed sagittis. Donec sodales, eros necerisque suscipitonec
vitae elit dictum lectus gravida malesuadaInteger sapien nibh, bibendum a arcu quis.

</div>
</div></li>
 	<li>
<div class="tl-circ"></div>
<div class="timeline-panel">
<div class="tl-heading">
<h1>2014</h1>
</div>
<div class="tl-body">
<h3>Expansion</h3>
Nullam ultricies venenatis enim sed sagittis. Donec sodales, eros necerisque suscipitonec
vitae elit dictum lectus gravida malesuadaInteger sapien nibh, bibendum a arcu quis.

</div>
</div></li>
 	<li class="timeline-inverted">
<div class="tl-circ"></div>
<div class="timeline-panel">
<div class="tl-heading">
<h1>2015</h1>
</div>
<div class="tl-body">
<h3>Today Wedding Vandor</h3>
Nullam ultricies venenatis enim sed sagittis. Donec sodales, eros necerisque suscipitonec
vitae elit dictum lectus gravida malesuadaInteger sapien nibh, bibendum a arcu quis.

</div>
</div></li>
</ul>
[/scroll]
[/scrollgroup] ]]></content:encoded>
		<excerpt:encoded><![CDATA[]]></excerpt:encoded>
		<wp:post_id>406</wp:post_id>
		<wp:post_date><![CDATA[2016-05-27 11:13:16]]></wp:post_date>
		<wp:post_date_gmt><![CDATA[2016-05-27 11:13:16]]></wp:post_date_gmt>
		<wp:comment_status><![CDATA[closed]]></wp:comment_status>
		<wp:ping_status><![CDATA[closed]]></wp:ping_status>
		<wp:post_name><![CDATA[about-us]]></wp:post_name>
		<wp:status><![CDATA[publish]]></wp:status>
		<wp:post_parent>0</wp:post_parent>
		<wp:menu_order>0</wp:menu_order>
		<wp:post_type><![CDATA[page]]></wp:post_type>
		<wp:post_password><![CDATA[]]></wp:post_password>
		<wp:is_sticky>0</wp:is_sticky>
		<wp:postmeta>
			<wp:meta_key><![CDATA[_wp_page_template]]></wp:meta_key>
			<wp:meta_value><![CDATA[default]]></wp:meta_value>
		</wp:postmeta>
		<wp:postmeta>
			<wp:meta_key><![CDATA[_wp_page_template]]></wp:meta_key>
			<wp:meta_value><![CDATA[default]]></wp:meta_value>
		</wp:postmeta>
		<wp:postmeta>
			<wp:meta_key><![CDATA[_edit_last]]></wp:meta_key>
			<wp:meta_value><![CDATA[1]]></wp:meta_value>
		</wp:postmeta>
	</item>
	<item>
		<title>Pricing Table</title>
		<link>http://thegenius.co/wedding/demo/pricing-table/</link>
		<pubDate>Fri, 03 Jun 2016 10:09:39 +0000</pubDate>
		<dc:creator><![CDATA[admin]]></dc:creator>
		<guid isPermaLink="false">http://thegenius.co/wedding/demo/?page_id=676</guid>
		<description></description>
		<content:encoded><![CDATA[<h1 style="text-align: center;">Do you have a question ?</h1>
[row]
[column md="6"]
[faq]
[question title="Which payment methods are supported"]
Sed lacinia lectus sedurna luctus interdumras commodo porttitor always faucibus Nullam sollicitudin ultriciesleo non viverra neque laoreet amazin consectetur nisl sedblandit turpis enimac urabitur.
[/question]
[question title="What uisque ulrices eficiturn interdum justo"]
Sed lacinia lectus sedurna luctus interdumras commodo porttitor always faucibus Nullam sollicitudin ultriciesleo non viverra neque laoreet amazin consectetur nisl sedblandit turpis enimac urabitur.
[/question]
[question title="How ullam diissim nisiege luctus anteui"]
Mauris metus leoelemetum condimentum tellus velornare dictum ligula uisque vestibulum molestieerat euleifend turpis fermentum quisras offer massaelit potentiorbi rhoncus pellen tesque exanibus.
[/question]
[/faq]
[/column]
[column md="6"]
[faq]
[question title="Can I cancel or refund my subscription"]
Phasellus quislandit velitorbi aliquet vulputate sagittis usce lobortis velsit amet facilisis imperdiet Integer lacinia sodales eratonec dignissim felisa duivulputat a triiqu nullafelis rhoncus.
[/question]
[question title="Why tibulum consectetur lorem sagittis"]
Aenean varius ornare diamquis scelerisque. umsociis natoque penatibus etmagnis disarturientsitamet augue suscipit utfringilla velit sollicitudin In velest inturpis one sagittis interdu.
[/question]
[question title="Why sociis natoque magnis diaturient montes"]
Lacinia lectus sedurna luctus interdumras commodo porttitor always faucibus Nullam interdum libero utfringilla cursus tortor magna consectetur nisl sedblandit turpis urabitur.
[/question]
[/faq]
[/column]
[/row]
[row]
[column md="6"]
[iconbox icon="http://jituchauhan.com/wp-wedding/live/wp-content/uploads/2016/04/envelop.svg" layout="icon-box-main" title="Have questions? Contact us at" button_text="" button_url=""]We're here to help, 24 hours a day, 7 days a week utfrit inturpis one sagittis interdu. <a href="mailto:support@weddingvemndor.com">support@weddingvemndor.com</a>[/iconbox]
[/column]
[column md="6"]
[iconbox icon="http://jituchauhan.com/wp-wedding/live/wp-content/uploads/2016/04/ballon.svg" layout="icon-box-main" title="Want to know how it works ?" button_text="" button_url=""]Lacinia lectus sedurna luctus interdumras commodo pro utfringilla cursus tortor magna consectetur nisl sedblandit turpis <a href="mailto:support@weddingvemndor.com">Go to How it works.</a>[/iconbox][/column]
[/row] ]]></content:encoded>
		<excerpt:encoded><![CDATA[]]></excerpt:encoded>
		<wp:post_id>676</wp:post_id>
		<wp:post_date><![CDATA[2016-06-03 10:09:39]]></wp:post_date>
		<wp:post_date_gmt><![CDATA[2016-06-03 10:09:39]]></wp:post_date_gmt>
		<wp:comment_status><![CDATA[closed]]></wp:comment_status>
		<wp:ping_status><![CDATA[closed]]></wp:ping_status>
		<wp:post_name><![CDATA[pricing-table]]></wp:post_name>
		<wp:status><![CDATA[publish]]></wp:status>
		<wp:post_parent>0</wp:post_parent>
		<wp:menu_order>0</wp:menu_order>
		<wp:post_type><![CDATA[page]]></wp:post_type>
		<wp:post_password><![CDATA[]]></wp:post_password>
		<wp:is_sticky>0</wp:is_sticky>
		<wp:postmeta>
			<wp:meta_key><![CDATA[_wp_page_template]]></wp:meta_key>
			<wp:meta_value><![CDATA[default]]></wp:meta_value>
		</wp:postmeta>
		<wp:postmeta>
			<wp:meta_key><![CDATA[_wp_page_template]]></wp:meta_key>
			<wp:meta_value><![CDATA[default]]></wp:meta_value>
		</wp:postmeta>
	</item>
	<item>
		<title>Couple Login</title>
		<link>http://thegenius.co/wedding/demo/couple-login/</link>
		<pubDate>Fri, 02 Sep 2016 10:33:33 +0000</pubDate>
		<dc:creator><![CDATA[admin]]></dc:creator>
		<guid isPermaLink="false">http://thegenius.co/wedding/demo/?page_id=813</guid>
		<description></description>
		<content:encoded><![CDATA[<h1 style="text-align: center;">Welcome back to your account.</h1>
<p style="text-align: center;">We're happy to have you back. [row]
[column md="6" class="col-md-offset-3"]
[couple-login-block title="Couple Login"]
[/column]
[/row]</p>]]></content:encoded>
		<excerpt:encoded><![CDATA[]]></excerpt:encoded>
		<wp:post_id>813</wp:post_id>
		<wp:post_date><![CDATA[2016-09-02 10:33:33]]></wp:post_date>
		<wp:post_date_gmt><![CDATA[2016-09-02 10:33:33]]></wp:post_date_gmt>
		<wp:comment_status><![CDATA[closed]]></wp:comment_status>
		<wp:ping_status><![CDATA[closed]]></wp:ping_status>
		<wp:post_name><![CDATA[couple-login]]></wp:post_name>
		<wp:status><![CDATA[publish]]></wp:status>
		<wp:post_parent>0</wp:post_parent>
		<wp:menu_order>0</wp:menu_order>
		<wp:post_type><![CDATA[page]]></wp:post_type>
		<wp:post_password><![CDATA[]]></wp:post_password>
		<wp:is_sticky>0</wp:is_sticky>
		<wp:postmeta>
			<wp:meta_key><![CDATA[_wp_page_template]]></wp:meta_key>
			<wp:meta_value><![CDATA[default]]></wp:meta_value>
		</wp:postmeta>
		<wp:postmeta>
			<wp:meta_key><![CDATA[_wp_page_template]]></wp:meta_key>
			<wp:meta_value><![CDATA[default]]></wp:meta_value>
		</wp:postmeta>
	</item>
	<item>
		<title>Couple Register</title>
		<link>http://thegenius.co/wedding/demo/couple-register/</link>
		<pubDate>Fri, 02 Sep 2016 10:35:21 +0000</pubDate>
		<dc:creator><![CDATA[admin]]></dc:creator>
		<guid isPermaLink="false">http://thegenius.co/wedding/demo/?page_id=816</guid>
		<description></description>
		<content:encoded><![CDATA[<h1 style="text-align: center;">Create a FREE account & save you date</h1>
<p style="text-align: center;">Couple with find thousands of wedding vendors worldwide that cover all wedding vendors category.</p>
[row]
[column md="7"]
[couple-register-block title="Couple Registration"]
[/column]
[column md="5"]
[iconbox icon="http://thegenius.co/wedding/demo/wp-content/uploads/2016/06/envelop.png" layout="icon-box-main" title="Wedding Checklist" button_text="Help Center" button_url="#"]Nam poenatis condimentum. Fusce risus odiamrper at, lacinia vel leo.[/iconbox]
[iconbox icon="http://thegenius.co/wedding/demo/wp-content/uploads/2016/06/pricing.png" layout="icon-box-main" title="Everything you need" button_text="View Pricing" button_url="#"]Venenatis conntum. Fusce risus odio, egestas sit amet ullamcornia vel leo.[/iconbox]
[/column]
[/row] ]]></content:encoded>
		<excerpt:encoded><![CDATA[]]></excerpt:encoded>
		<wp:post_id>816</wp:post_id>
		<wp:post_date><![CDATA[2016-09-02 10:35:21]]></wp:post_date>
		<wp:post_date_gmt><![CDATA[2016-09-02 10:35:21]]></wp:post_date_gmt>
		<wp:comment_status><![CDATA[closed]]></wp:comment_status>
		<wp:ping_status><![CDATA[closed]]></wp:ping_status>
		<wp:post_name><![CDATA[couple-register]]></wp:post_name>
		<wp:status><![CDATA[publish]]></wp:status>
		<wp:post_parent>0</wp:post_parent>
		<wp:menu_order>0</wp:menu_order>
		<wp:post_type><![CDATA[page]]></wp:post_type>
		<wp:post_password><![CDATA[]]></wp:post_password>
		<wp:is_sticky>0</wp:is_sticky>
		<wp:postmeta>
			<wp:meta_key><![CDATA[_wp_page_template]]></wp:meta_key>
			<wp:meta_value><![CDATA[default]]></wp:meta_value>
		</wp:postmeta>
		<wp:postmeta>
			<wp:meta_key><![CDATA[_wp_page_template]]></wp:meta_key>
			<wp:meta_value><![CDATA[default]]></wp:meta_value>
		</wp:postmeta>
	</item>
	<item>
		<title>Couple Dashboard</title>
		<link>http://thegenius.co/wedding/demo/couple-dashboard/</link>
		<pubDate>Fri, 02 Sep 2016 11:19:14 +0000</pubDate>
		<dc:creator><![CDATA[admin]]></dc:creator>
		<guid isPermaLink="false">http://thegenius.co/wedding/demo/?page_id=818</guid>
		<description></description>
		<content:encoded><![CDATA[]]></content:encoded>
		<excerpt:encoded><![CDATA[]]></excerpt:encoded>
		<wp:post_id>818</wp:post_id>
		<wp:post_date><![CDATA[2016-09-02 11:19:14]]></wp:post_date>
		<wp:post_date_gmt><![CDATA[2016-09-02 11:19:14]]></wp:post_date_gmt>
		<wp:comment_status><![CDATA[closed]]></wp:comment_status>
		<wp:ping_status><![CDATA[closed]]></wp:ping_status>
		<wp:post_name><![CDATA[couple-dashboard]]></wp:post_name>
		<wp:status><![CDATA[publish]]></wp:status>
		<wp:post_parent>0</wp:post_parent>
		<wp:menu_order>0</wp:menu_order>
		<wp:post_type><![CDATA[page]]></wp:post_type>
		<wp:post_password><![CDATA[]]></wp:post_password>
		<wp:is_sticky>0</wp:is_sticky>
		<wp:postmeta>
			<wp:meta_key><![CDATA[_wp_page_template]]></wp:meta_key>
			<wp:meta_value><![CDATA[page-templates/couple-dashboard.php]]></wp:meta_value>
		</wp:postmeta>
	</item>
	<item>
		<title>Couple Profile</title>
		<link>http://thegenius.co/wedding/demo/couple-profile/</link>
		<pubDate>Fri, 02 Sep 2016 11:37:05 +0000</pubDate>
		<dc:creator><![CDATA[admin]]></dc:creator>
		<guid isPermaLink="false">http://thegenius.co/wedding/demo/?page_id=820</guid>
		<description></description>
		<content:encoded><![CDATA[]]></content:encoded>
		<excerpt:encoded><![CDATA[]]></excerpt:encoded>
		<wp:post_id>820</wp:post_id>
		<wp:post_date><![CDATA[2016-09-02 11:37:05]]></wp:post_date>
		<wp:post_date_gmt><![CDATA[2016-09-02 11:37:05]]></wp:post_date_gmt>
		<wp:comment_status><![CDATA[closed]]></wp:comment_status>
		<wp:ping_status><![CDATA[closed]]></wp:ping_status>
		<wp:post_name><![CDATA[couple-profile]]></wp:post_name>
		<wp:status><![CDATA[publish]]></wp:status>
		<wp:post_parent>0</wp:post_parent>
		<wp:menu_order>0</wp:menu_order>
		<wp:post_type><![CDATA[page]]></wp:post_type>
		<wp:post_password><![CDATA[]]></wp:post_password>
		<wp:is_sticky>0</wp:is_sticky>
		<wp:postmeta>
			<wp:meta_key><![CDATA[_wp_page_template]]></wp:meta_key>
			<wp:meta_value><![CDATA[page-templates/couple-profile.php]]></wp:meta_value>
		</wp:postmeta>
	</item>
	<item>
		<title>Couple Wishlist</title>
		<link>http://thegenius.co/wedding/demo/couple-wishlist/</link>
		<pubDate>Fri, 02 Sep 2016 11:37:54 +0000</pubDate>
		<dc:creator><![CDATA[admin]]></dc:creator>
		<guid isPermaLink="false">http://thegenius.co/wedding/demo/?page_id=822</guid>
		<description></description>
		<content:encoded><![CDATA[]]></content:encoded>
		<excerpt:encoded><![CDATA[]]></excerpt:encoded>
		<wp:post_id>822</wp:post_id>
		<wp:post_date><![CDATA[2016-09-02 11:37:54]]></wp:post_date>
		<wp:post_date_gmt><![CDATA[2016-09-02 11:37:54]]></wp:post_date_gmt>
		<wp:comment_status><![CDATA[closed]]></wp:comment_status>
		<wp:ping_status><![CDATA[closed]]></wp:ping_status>
		<wp:post_name><![CDATA[couple-wishlist]]></wp:post_name>
		<wp:status><![CDATA[publish]]></wp:status>
		<wp:post_parent>0</wp:post_parent>
		<wp:menu_order>0</wp:menu_order>
		<wp:post_type><![CDATA[page]]></wp:post_type>
		<wp:post_password><![CDATA[]]></wp:post_password>
		<wp:is_sticky>0</wp:is_sticky>
		<wp:postmeta>
			<wp:meta_key><![CDATA[_wp_page_template]]></wp:meta_key>
			<wp:meta_value><![CDATA[page-templates/couple-wishlist.php]]></wp:meta_value>
		</wp:postmeta>
	</item>
	<item>
		<title>Vendor Profile</title>
		<link>http://thegenius.co/wedding/demo/vendor-profile/</link>
		<pubDate>Fri, 02 Sep 2016 11:40:35 +0000</pubDate>
		<dc:creator><![CDATA[admin]]></dc:creator>
		<guid isPermaLink="false">http://thegenius.co/wedding/demo/?page_id=824</guid>
		<description></description>
		<content:encoded><![CDATA[]]></content:encoded>
		<excerpt:encoded><![CDATA[]]></excerpt:encoded>
		<wp:post_id>824</wp:post_id>
		<wp:post_date><![CDATA[2016-09-02 11:40:35]]></wp:post_date>
		<wp:post_date_gmt><![CDATA[2016-09-02 11:40:35]]></wp:post_date_gmt>
		<wp:comment_status><![CDATA[closed]]></wp:comment_status>
		<wp:ping_status><![CDATA[closed]]></wp:ping_status>
		<wp:post_name><![CDATA[vendor-profile]]></wp:post_name>
		<wp:status><![CDATA[publish]]></wp:status>
		<wp:post_parent>0</wp:post_parent>
		<wp:menu_order>0</wp:menu_order>
		<wp:post_type><![CDATA[page]]></wp:post_type>
		<wp:post_password><![CDATA[]]></wp:post_password>
		<wp:is_sticky>0</wp:is_sticky>
		<wp:postmeta>
			<wp:meta_key><![CDATA[_wp_page_template]]></wp:meta_key>
			<wp:meta_value><![CDATA[page-templates/vendor-profile.php]]></wp:meta_value>
		</wp:postmeta>
	</item>
	<item>
		<title>Top Map Listing</title>
		<link>http://thegenius.co/wedding/demo/top-map-listing/</link>
		<pubDate>Fri, 02 Sep 2016 11:40:55 +0000</pubDate>
		<dc:creator><![CDATA[admin]]></dc:creator>
		<guid isPermaLink="false">http://thegenius.co/wedding/demo/?page_id=826</guid>
		<description></description>
		<content:encoded><![CDATA[]]></content:encoded>
		<excerpt:encoded><![CDATA[]]></excerpt:encoded>
		<wp:post_id>826</wp:post_id>
		<wp:post_date><![CDATA[2016-09-02 11:40:55]]></wp:post_date>
		<wp:post_date_gmt><![CDATA[2016-09-02 11:40:55]]></wp:post_date_gmt>
		<wp:comment_status><![CDATA[closed]]></wp:comment_status>
		<wp:ping_status><![CDATA[closed]]></wp:ping_status>
		<wp:post_name><![CDATA[top-map-listing]]></wp:post_name>
		<wp:status><![CDATA[publish]]></wp:status>
		<wp:post_parent>0</wp:post_parent>
		<wp:menu_order>0</wp:menu_order>
		<wp:post_type><![CDATA[page]]></wp:post_type>
		<wp:post_password><![CDATA[]]></wp:post_password>
		<wp:is_sticky>0</wp:is_sticky>
		<wp:postmeta>
			<wp:meta_key><![CDATA[_wp_page_template]]></wp:meta_key>
			<wp:meta_value><![CDATA[page-templates/top-map.php]]></wp:meta_value>
		</wp:postmeta>
		<wp:postmeta>
			<wp:meta_key><![CDATA[_wp_page_template]]></wp:meta_key>
			<wp:meta_value><![CDATA[page-templates/top-map.php]]></wp:meta_value>
		</wp:postmeta>
	</item>
	<item>
		<title>Home 2</title>
		<link>http://thegenius.co/wedding/demo/home-2/</link>
		<pubDate>Fri, 04 Nov 2016 16:30:20 +0000</pubDate>
		<dc:creator><![CDATA[admin]]></dc:creator>
		<guid isPermaLink="false">http://thegenius.co/wedding/demo/?page_id=851</guid>
		<description></description>
		<content:encoded><![CDATA[[space class='feature-section' title='Plan your wedding one step at a time' sub-title='Simple wedding planning tools to help you stay on track.'] [row]
[column md="3"][iconbox icon="icon-calendar" layout="icon-box-font" title="Checklist" button_text="" button_url=""]Get your planning sorted with our free wedding planning checklist![/iconbox][/column]
[column md="3"]
[iconbox icon="icon-budget" layout="icon-box-font" title="Budget Planner" button_text="" button_url=""]Budget estimator tool that lets you specify your program plan.[/iconbox]
[/column]
[column md="3"]
[iconbox icon="icon-group" layout="icon-box-font" title="Guest list" button_text="" button_url=""]Build your free wedding guest list, collect mailing addresses and RSVPs.[/iconbox]
[/column]
[column md="3"]
[iconbox icon="icon-table" layout="icon-box-font" title="Table Planer" button_text="" button_url=""]Easy online tool for creating seating arrangements for weddings.[/iconbox]
[/column]
[/row]
[/space][space title='More than 2,000 Wedding Vendors' sub-title='Donec sagittis blandit ex consequat pulvin ondimentum tortor eitae suscipit augupibus'] [row]
[column md="4"][category image='http://thegenius.co/wedding/demo/wp-content/uploads/2016/11/360.jpg' title='Wedding Venues' url='#' count='12'][/category]
[/column]
[column md="4"][category image='http://thegenius.co/wedding/demo/wp-content/uploads/2016/11/360.jpg' title='Wedding Cakes' url='#' count='12'][/category][/column]
[column md="4"][category image='http://thegenius.co/wedding/demo/wp-content/uploads/2016/11/360.jpg' title='Wedding Venues' url='#' count='12'][/category][/column]
[/row][row]
[column md="4"][category image='http://thegenius.co/wedding/demo/wp-content/uploads/2016/11/360.jpg' title='Wedding Venues' url='#' count='12'][/category]
[/column]
[column md="4"][category image='http://thegenius.co/wedding/demo/wp-content/uploads/2016/11/360.jpg' title='Wedding Venues' url='#' count='12'][/category][/column]
[column md="4"][category image='http://thegenius.co/wedding/demo/wp-content/uploads/2016/11/360.jpg' title='Wedding Florist' url='#' count='12'][/category][/column]
[/row]
[/space][parallax bg_img='http://thegenius.co/wedding/demo/wp-content/uploads/2016/11/1900.jpg' title='Are you trying our planning tools ?' details='Donec sagittis blandit ex consequat pulvinm condimentum tortor lorem ipsum oleo sit ament eitae suscipit augupibus.' btn_title='Start Planning Today' btn_url='#'][/parallax][space class='feature-section' title='Most Reason to Why Choose us' sub-title='Donec sagittis blandit ex consequat pulvinm condimentum tortor eitae suscipit augupibus'] [row]
[column md="4"]
[iconbox icon="icon-heart-4" layout="icon-square-font" title="20 Years Experiance" button_text="" button_url=""]We are never short of suggestions or inspiring ideas.We will support you and advise you.[/iconbox]
[/column]
[column md="4"]
[iconbox icon="icon-newly-married-couple" layout="icon-square-font" title="100 real weddings" button_text="" button_url=""]Every wedding is unique and has a special story. Share all the details of your special moments.[/iconbox]
[/column]
[column md="4"]
[iconbox icon="icon-curtains" layout="icon-square-font" title="1500 + Wedding Suppliers" button_text="" button_url=""]Sed semper sapien commodo iaculis nec quis lacus malesuada, icula tortor. ut turpiliquepellentesque. [/iconbox]
[/column]
[/row]
[/space]]]></content:encoded>
		<excerpt:encoded><![CDATA[]]></excerpt:encoded>
		<wp:post_id>851</wp:post_id>
		<wp:post_date><![CDATA[2016-11-04 16:30:20]]></wp:post_date>
		<wp:post_date_gmt><![CDATA[2016-11-04 16:30:20]]></wp:post_date_gmt>
		<wp:comment_status><![CDATA[closed]]></wp:comment_status>
		<wp:ping_status><![CDATA[closed]]></wp:ping_status>
		<wp:post_name><![CDATA[home-2]]></wp:post_name>
		<wp:status><![CDATA[publish]]></wp:status>
		<wp:post_parent>0</wp:post_parent>
		<wp:menu_order>0</wp:menu_order>
		<wp:post_type><![CDATA[page]]></wp:post_type>
		<wp:post_password><![CDATA[]]></wp:post_password>
		<wp:is_sticky>0</wp:is_sticky>
		<wp:postmeta>
			<wp:meta_key><![CDATA[_edit_last]]></wp:meta_key>
			<wp:meta_value><![CDATA[1]]></wp:meta_value>
		</wp:postmeta>
		<wp:postmeta>
			<wp:meta_key><![CDATA[_wp_page_template]]></wp:meta_key>
			<wp:meta_value><![CDATA[page-templates/page-slider2.php]]></wp:meta_value>
		</wp:postmeta>
	</item>
	<item>
		<title>Todo List</title>
		<link>http://thegenius.co/wedding/demo/todo-list/</link>
		<pubDate>Tue, 31 Jan 2017 06:20:57 +0000</pubDate>
		<dc:creator><![CDATA[admin]]></dc:creator>
		<guid isPermaLink="false">http://thegenius.co/wedding/demo/?page_id=870</guid>
		<description></description>
		<content:encoded><![CDATA[]]></content:encoded>
		<excerpt:encoded><![CDATA[]]></excerpt:encoded>
		<wp:post_id>870</wp:post_id>
		<wp:post_date><![CDATA[2017-01-31 06:20:57]]></wp:post_date>
		<wp:post_date_gmt><![CDATA[2017-01-31 06:20:57]]></wp:post_date_gmt>
		<wp:comment_status><![CDATA[closed]]></wp:comment_status>
		<wp:ping_status><![CDATA[closed]]></wp:ping_status>
		<wp:post_name><![CDATA[todo-list]]></wp:post_name>
		<wp:status><![CDATA[publish]]></wp:status>
		<wp:post_parent>0</wp:post_parent>
		<wp:menu_order>0</wp:menu_order>
		<wp:post_type><![CDATA[page]]></wp:post_type>
		<wp:post_password><![CDATA[]]></wp:post_password>
		<wp:is_sticky>0</wp:is_sticky>
		<wp:postmeta>
			<wp:meta_key><![CDATA[_edit_last]]></wp:meta_key>
			<wp:meta_value><![CDATA[1]]></wp:meta_value>
		</wp:postmeta>
		<wp:postmeta>
			<wp:meta_key><![CDATA[_wp_page_template]]></wp:meta_key>
			<wp:meta_value><![CDATA[page-templates/couple-todolist.php]]></wp:meta_value>
		</wp:postmeta>
	</item>
	<item>
		<title>My Budget</title>
		<link>http://thegenius.co/wedding/demo/my-budget/</link>
		<pubDate>Tue, 31 Jan 2017 06:21:21 +0000</pubDate>
		<dc:creator><![CDATA[admin]]></dc:creator>
		<guid isPermaLink="false">http://thegenius.co/wedding/demo/?page_id=872</guid>
		<description></description>
		<content:encoded><![CDATA[]]></content:encoded>
		<excerpt:encoded><![CDATA[]]></excerpt:encoded>
		<wp:post_id>872</wp:post_id>
		<wp:post_date><![CDATA[2017-01-31 06:21:21]]></wp:post_date>
		<wp:post_date_gmt><![CDATA[2017-01-31 06:21:21]]></wp:post_date_gmt>
		<wp:comment_status><![CDATA[closed]]></wp:comment_status>
		<wp:ping_status><![CDATA[closed]]></wp:ping_status>
		<wp:post_name><![CDATA[my-budget]]></wp:post_name>
		<wp:status><![CDATA[publish]]></wp:status>
		<wp:post_parent>0</wp:post_parent>
		<wp:menu_order>0</wp:menu_order>
		<wp:post_type><![CDATA[page]]></wp:post_type>
		<wp:post_password><![CDATA[]]></wp:post_password>
		<wp:is_sticky>0</wp:is_sticky>
		<wp:postmeta>
			<wp:meta_key><![CDATA[_edit_last]]></wp:meta_key>
			<wp:meta_value><![CDATA[1]]></wp:meta_value>
		</wp:postmeta>
		<wp:postmeta>
			<wp:meta_key><![CDATA[_wp_page_template]]></wp:meta_key>
			<wp:meta_value><![CDATA[page-templates/couple-budget.php]]></wp:meta_value>
		</wp:postmeta>
	</item>
</channel>
</rss>
