<?xml version="1.0" encoding="UTF-8" ?>
<!-- This is a WordPress eXtended RSS file generated by WordPress as an export of your site. -->
<!-- It contains information about your site's posts, pages, comments, categories, and other content. -->
<!-- You may use this file to transfer that content from one site to another. -->
<!-- This file is not intended to serve as a complete backup of your site. -->

<!-- To import this information into a WordPress site follow these steps: -->
<!-- 1. Log in to that site as an administrator. -->
<!-- 2. Go to Tools: Import in the WordPress admin panel. -->
<!-- 3. Install the "WordPress" importer from the list. -->
<!-- 4. Activate & Run Importer. -->
<!-- 5. Upload this file using the form provided on that page. -->
<!-- 6. You will first be asked to map the authors in this export file to users -->
<!--    on the site. For each author, you may choose to map to an -->
<!--    existing user on the site or to create a new user. -->
<!-- 7. WordPress will then import each of the posts, pages, comments, categories, etc. -->
<!--    contained in this file into your site. -->

<!-- generator="WordPress/4.6.1" created="2016-11-05 07:11" -->
<rss version="2.0"
	xmlns:excerpt="http://wordpress.org/export/1.2/excerpt/"
	xmlns:content="http://purl.org/rss/1.0/modules/content/"
	xmlns:wfw="http://wellformedweb.org/CommentAPI/"
	xmlns:dc="http://purl.org/dc/elements/1.1/"
	xmlns:wp="http://wordpress.org/export/1.2/"
>

<channel>
	<title>Test</title>
	<link>http://thegenius.co/wedding/demo</link>
	<description>Just another WordPress site</description>
	<pubDate>Sat, 05 Nov 2016 07:11:10 +0000</pubDate>
	<language>en-US</language>
	<wp:wxr_version>1.2</wp:wxr_version>
	<wp:base_site_url>http://thegenius.co/wedding/demo</wp:base_site_url>
	<wp:base_blog_url>http://thegenius.co/wedding/demo</wp:base_blog_url>

	<wp:author><wp:author_id>1</wp:author_id><wp:author_login><![CDATA[admin]]></wp:author_login><wp:author_email><![CDATA[udayraj.mscit@gmail.com]]></wp:author_email><wp:author_display_name><![CDATA[admin]]></wp:author_display_name><wp:author_first_name><![CDATA[]]></wp:author_first_name><wp:author_last_name><![CDATA[]]></wp:author_last_name></wp:author>


	<generator>https://wordpress.org/?v=4.6.1</generator>

	<item>
		<title>Hello world!</title>
		<link>http://thegenius.co/wedding/demo/hello-world/</link>
		<pubDate>Tue, 25 Oct 2016 13:20:10 +0000</pubDate>
		<dc:creator><![CDATA[admin]]></dc:creator>
		<guid isPermaLink="false">http://thegenius.co/wedding/demo/?p=1</guid>
		<description></description>
		<content:encoded><![CDATA[Welcome to WordPress. This is your first post. Edit or delete it, then start writing!]]></content:encoded>
		<excerpt:encoded><![CDATA[]]></excerpt:encoded>
		<wp:post_id>1</wp:post_id>
		<wp:post_date><![CDATA[2016-10-25 13:20:10]]></wp:post_date>
		<wp:post_date_gmt><![CDATA[2016-10-25 13:20:10]]></wp:post_date_gmt>
		<wp:comment_status><![CDATA[open]]></wp:comment_status>
		<wp:ping_status><![CDATA[open]]></wp:ping_status>
		<wp:post_name><![CDATA[hello-world]]></wp:post_name>
		<wp:status><![CDATA[publish]]></wp:status>
		<wp:post_parent>0</wp:post_parent>
		<wp:menu_order>0</wp:menu_order>
		<wp:post_type><![CDATA[post]]></wp:post_type>
		<wp:post_password><![CDATA[]]></wp:post_password>
		<wp:is_sticky>0</wp:is_sticky>
		<category domain="category" nicename="uncategorized"><![CDATA[Uncategorized]]></category>
		<wp:comment>
			<wp:comment_id>1</wp:comment_id>
			<wp:comment_author><![CDATA[Mr WordPress]]></wp:comment_author>
			<wp:comment_author_email><![CDATA[]]></wp:comment_author_email>
			<wp:comment_author_url>https://wordpress.org/</wp:comment_author_url>
			<wp:comment_author_IP><![CDATA[]]></wp:comment_author_IP>
			<wp:comment_date><![CDATA[2016-10-25 13:20:10]]></wp:comment_date>
			<wp:comment_date_gmt><![CDATA[2016-10-25 13:20:10]]></wp:comment_date_gmt>
			<wp:comment_content><![CDATA[Hi, this is a comment.
To delete a comment, just log in and view the post&#039;s comments. There you will have the option to edit or delete them.]]></wp:comment_content>
			<wp:comment_approved><![CDATA[1]]></wp:comment_approved>
			<wp:comment_type><![CDATA[]]></wp:comment_type>
			<wp:comment_parent>0</wp:comment_parent>
			<wp:comment_user_id>0</wp:comment_user_id>
		</wp:comment>
	</item>
	<item>
		<title>Top 10 Wedding Photographers &amp; Venue in City</title>
		<link>http://thegenius.co/wedding/demo/top-10-wedding-photographers-venue-in-city/</link>
		<pubDate>Thu, 26 May 2016 04:10:59 +0000</pubDate>
		<dc:creator><![CDATA[admin]]></dc:creator>
		<guid isPermaLink="false">http://thegenius.co/wedding/demo/?p=240</guid>
		<description></description>
		<content:encoded><![CDATA[<p class="p1">Cras sagittis est id tincidunt dictum. Quisque iaculis lorem dolor, vel tristique enim pulvinar ac. Vivamus tincidunt felis sed elit fringilla suscipit. Sed varius diam massa, nec vulputate ante hendrerit aliquam. Nam ac ligula sed tortor sodales porta.</p>
<p class="p1">Maecenas malesuada orci a tristique pharetra. Proin pretium accumsan nulla, in rutrum massa tempus et. Fusce hendrerit et enim vel dignissim. Duis ut lorem felis. Nulla porta venenatis ultrices. Curabitur pulvinar sed massa id faucibus. Duis non quam sagittis, ultricies sem vitae, luctus sem. In bibendum pharetra felis, ac tincidunt quam lacinia quis. Sed nec felis nulla. Vestibulum volutpat erat at risus aliquam blandit.</p>
<p class="p1">Cras sagittis est id tincidunt dictum. Quisque iaculis lorem dolor, vel tristique enim pulvinar ac. Vivamus tincidunt felis sed elit fringilla suscipit. Sed varius diam massa, nec vulputate ante hendrerit aliquam. Nam ac ligula sed tortor sodales porta. Morbi lectus arcu, sodales eget lacus nec, laoreet ultricies arcu. Fusce vel tincidunt nisi. Pellentesque interdum quam libero, feugiat dignissim mi condimentum at. Pellentesque volutpat, nibh a ullamcorper lobortis, libero ante consectetur neque, eget molestie nunc metus non orci. Nam orci quam, tempus vitae erat at, pellentesque lacinia turpis.</p>
<p class="p1">Etiam nec facilisis urna. Nunc ut tincidunt elit. Vestibulum in accumsan magna. Mauris tincidunt turpis id ligula semper, ut condimentum eros pretium. Nam vel magna nec diam commodo viverra eget et leo. Curabitur a diam consequat, condimentum nunc molestie, feugiat elit. Proin id viverra velit.</p>
<p class="p1">Nam ac ligula sed tortor sodales porta. Morbi lectus arcu, sodales eget lacus nec, laoreet ultricies arcu. Fusce vel tincidunt nisi. Pellentesque interdum quam libero, feugiat dignissim mi condimentum at. Pellentesque volutpat, nibh a ullamcorper lobortis, libero ante consectetur neque, eget molestie nunc metus non orci. Nam orci quam, tempus vitae erat at, pellentesque lacinia turpis.</p>]]></content:encoded>
		<excerpt:encoded><![CDATA[]]></excerpt:encoded>
		<wp:post_id>240</wp:post_id>
		<wp:post_date><![CDATA[2016-05-26 04:10:59]]></wp:post_date>
		<wp:post_date_gmt><![CDATA[2016-05-26 04:10:59]]></wp:post_date_gmt>
		<wp:comment_status><![CDATA[open]]></wp:comment_status>
		<wp:ping_status><![CDATA[open]]></wp:ping_status>
		<wp:post_name><![CDATA[top-10-wedding-photographers-venue-in-city]]></wp:post_name>
		<wp:status><![CDATA[publish]]></wp:status>
		<wp:post_parent>0</wp:post_parent>
		<wp:menu_order>0</wp:menu_order>
		<wp:post_type><![CDATA[post]]></wp:post_type>
		<wp:post_password><![CDATA[]]></wp:post_password>
		<wp:is_sticky>0</wp:is_sticky>
		<category domain="post_tag" nicename="couple"><![CDATA[couple]]></category>
		<category domain="post_format" nicename="post-format-image"><![CDATA[Image]]></category>
		<category domain="post_tag" nicename="photographer"><![CDATA[photographer]]></category>
		<category domain="post_tag" nicename="wedding"><![CDATA[wedding]]></category>
		<category domain="category" nicename="wedding-trends"><![CDATA[wedding trends]]></category>
		<wp:postmeta>
			<wp:meta_key><![CDATA[product_gallery]]></wp:meta_key>
			<wp:meta_value><![CDATA[["780","776"]]]></wp:meta_value>
		</wp:postmeta>
		<wp:postmeta>
			<wp:meta_key><![CDATA[_thumbnail_id]]></wp:meta_key>
			<wp:meta_value><![CDATA[776]]></wp:meta_value>
		</wp:postmeta>
	</item>
	<item>
		<title>Wedding Theme Ideas &amp; Creative Concept for Couple</title>
		<link>http://thegenius.co/wedding/demo/wedding-theme-ideas-creative-concept-for-couple/</link>
		<pubDate>Thu, 26 May 2016 04:17:36 +0000</pubDate>
		<dc:creator><![CDATA[admin]]></dc:creator>
		<guid isPermaLink="false">http://thegenius.co/wedding/demo/?p=247</guid>
		<description></description>
		<content:encoded><![CDATA[<p class="p1">Lorem ipsum dolor sit amet, consectetur adipiscing elit. Integer lacinia malesuada justo, sit amet vestibulum orci tristique non. Nunc non ultricies enim. Ut a accumsan dolor. Nullam dapibus rhoncus vehicula. Sed lorem est, consectetur et interdum et, vulputate in mauris. Vestibulum ullamcorper sapien eget sodales feugiat. Etiam ut justo ut sem molestie viverra id a massa. Pellentesque non tellus urna. Donec at dolor orci. Nulla et erat consequat, porta tellus nec, lacinia lacus. Vivamus placerat posuere dictum. Nam luctus venenatis mauris, et luctus sem lacinia et.</p>
<p class="p1">Nam in justo tempus, varius leo sit amet, tempor odio. Sed vehicula ornare libero. Vivamus ac sodales massa. Donec tristique non neque id eleifend. Etiam scelerisque, tortor sed porta ultrices, risus nunc laoreet turpis, non eleifend felis tortor quis diam. Praesent feugiat mi in metus tempor faucibus. Maecenas eget consectetur mi. Curabitur hendrerit fringilla enim, a accumsan turpis aliquam fringilla. Nulla hendrerit leo eget suscipit rhoncus. Sed eros ipsum, consequat ac orci a, semper interdum elit. Cras elit magna, viverra dictum laoreet tincidunt, auctor eu justo.</p>
<p class="p1">Etiam nec facilisis urna. Nunc ut tincidunt elit. Vestibulum in accumsan magna. Mauris tincidunt turpis id ligula semper, ut condimentum eros pretium. Nam vel magna nec diam commodo viverra eget et leo. Curabitur a diam consequat, condimentum nunc molestie, feugiat elit. Proin id viverra velit.</p>]]></content:encoded>
		<excerpt:encoded><![CDATA[]]></excerpt:encoded>
		<wp:post_id>247</wp:post_id>
		<wp:post_date><![CDATA[2016-05-26 04:17:36]]></wp:post_date>
		<wp:post_date_gmt><![CDATA[2016-05-26 04:17:36]]></wp:post_date_gmt>
		<wp:comment_status><![CDATA[open]]></wp:comment_status>
		<wp:ping_status><![CDATA[open]]></wp:ping_status>
		<wp:post_name><![CDATA[wedding-theme-ideas-creative-concept-for-couple]]></wp:post_name>
		<wp:status><![CDATA[publish]]></wp:status>
		<wp:post_parent>0</wp:post_parent>
		<wp:menu_order>0</wp:menu_order>
		<wp:post_type><![CDATA[post]]></wp:post_type>
		<wp:post_password><![CDATA[]]></wp:post_password>
		<wp:is_sticky>0</wp:is_sticky>
		<category domain="post_tag" nicename="gallery"><![CDATA[gallery]]></category>
		<category domain="post_format" nicename="post-format-gallery"><![CDATA[Gallery]]></category>
		<category domain="post_tag" nicename="wedding-concept"><![CDATA[wedding concept]]></category>
		<category domain="post_tag" nicename="wedding-theme"><![CDATA[wedding theme]]></category>
		<category domain="category" nicename="wedding-theme"><![CDATA[wedding theme]]></category>
		<category domain="category" nicename="wedding-trends"><![CDATA[wedding trends]]></category>
		<wp:postmeta>
			<wp:meta_key><![CDATA[product_gallery]]></wp:meta_key>
			<wp:meta_value><![CDATA[["780","776"]]]></wp:meta_value>
		</wp:postmeta>
		<wp:postmeta>
			<wp:meta_key><![CDATA[_thumbnail_id]]></wp:meta_key>
			<wp:meta_value><![CDATA[776]]></wp:meta_value>
		</wp:postmeta>
	</item>
	<item>
		<title>Top Wedding Lawns in Country</title>
		<link>http://thegenius.co/wedding/demo/top-wedding-lawns-in-country/</link>
		<pubDate>Thu, 26 May 2016 04:25:41 +0000</pubDate>
		<dc:creator><![CDATA[admin]]></dc:creator>
		<guid isPermaLink="false">http://thegenius.co/wedding/demo/?p=249</guid>
		<description></description>
		<content:encoded><![CDATA[<p class="p1">Nam in justo tempus, varius leo sit amet, tempor odio. Sed vehicula ornare libero. Vivamus ac sodales massa. Donec tristique non neque id eleifend. Etiam scelerisque, tortor sed porta ultrices, risus nunc laoreet turpis, non eleifend felis tortor quis diam. Praesent feugiat mi in metus tempor faucibus. Maecenas eget consectetur mi. Curabitur hendrerit fringilla enim, a accumsan turpis aliquam fringilla. Nulla hendrerit leo eget suscipit rhoncus. Sed eros ipsum, consequat ac orci a, semper interdum elit. Cras elit magna, viverra dictum laoreet tincidunt, auctor eu justo.</p>
<p class="p1">Etiam nec facilisis urna. Nunc ut tincidunt elit. Vestibulum in accumsan magna. Mauris tincidunt turpis id ligula semper, ut condimentum eros pretium. Nam vel magna nec diam commodo viverra eget et leo. Curabitur a diam consequat, condimentum nunc molestie, feugiat elit. Proin id viverra velit.</p>

<ul class="ul1">
 	<li class="li1"><span class="s1">Lorem ipsum dolor sit amet, consectetur adipiscing elit.</span></li>
 	<li class="li1"><span class="s1">Sed interdum leo quis lacus venenatis convallis.</span></li>
 	<li class="li1"><span class="s1">Aenean a elit nec nisl consequat faucibus.</span></li>
</ul>
<p class="p1">Cras sagittis est id tincidunt dictum. Quisque iaculis lorem dolor, vel tristique enim pulvinar ac. Vivamus tincidunt felis sed elit fringilla suscipit. Sed varius diam massa, nec vulputate ante hendrerit aliquam. Nam ac ligula sed tortor sodales porta. Morbi lectus arcu, sodales eget lacus nec, laoreet ultricies arcu. Fusce vel tincidunt nisi. Pellentesque interdum quam libero, feugiat dignissim mi condimentum at. Pellentesque volutpat, nibh a ullamcorper lobortis, libero ante consectetur neque, eget molestie nunc metus non orci. Nam orci quam, tempus vitae erat at, pellentesque lacinia turpis.</p>
<p class="p1">Maecenas malesuada orci a tristique pharetra. Proin pretium accumsan nulla, in rutrum massa tempus et. Fusce hendrerit et enim vel dignissim. Duis ut lorem felis. Nulla porta venenatis ultrices. Curabitur pulvinar sed massa id faucibus. Duis non quam sagittis, ultricies sem vitae, luctus sem. In bibendum pharetra felis, ac tincidunt quam lacinia quis. Sed nec felis nulla. Vestibulum volutpat erat at risus aliquam blandit.</p>]]></content:encoded>
		<excerpt:encoded><![CDATA[]]></excerpt:encoded>
		<wp:post_id>249</wp:post_id>
		<wp:post_date><![CDATA[2016-05-26 04:25:41]]></wp:post_date>
		<wp:post_date_gmt><![CDATA[2016-05-26 04:25:41]]></wp:post_date_gmt>
		<wp:comment_status><![CDATA[open]]></wp:comment_status>
		<wp:ping_status><![CDATA[open]]></wp:ping_status>
		<wp:post_name><![CDATA[top-wedding-lawns-in-country]]></wp:post_name>
		<wp:status><![CDATA[publish]]></wp:status>
		<wp:post_parent>0</wp:post_parent>
		<wp:menu_order>0</wp:menu_order>
		<wp:post_type><![CDATA[post]]></wp:post_type>
		<wp:post_password><![CDATA[]]></wp:post_password>
		<wp:is_sticky>0</wp:is_sticky>
		<category domain="post_format" nicename="post-format-image"><![CDATA[Image]]></category>
		<category domain="post_tag" nicename="tranding-wedding"><![CDATA[tranding wedding]]></category>
		<category domain="category" nicename="wedding-lawns"><![CDATA[wedding lawns]]></category>
		<category domain="post_tag" nicename="wedding-lawns"><![CDATA[wedding lawns]]></category>
		<category domain="category" nicename="wedding-theme"><![CDATA[wedding theme]]></category>
		<wp:postmeta>
			<wp:meta_key><![CDATA[product_gallery]]></wp:meta_key>
			<wp:meta_value><![CDATA[[""]]]></wp:meta_value>
		</wp:postmeta>
	</item>
	<item>
		<title>5 Great Ways to Personalize Your Wedding Décor</title>
		<link>http://thegenius.co/wedding/demo/5-great-ways-to-personalize-your-wedding-decor/</link>
		<pubDate>Thu, 26 May 2016 04:51:10 +0000</pubDate>
		<dc:creator><![CDATA[admin]]></dc:creator>
		<guid isPermaLink="false">http://thegenius.co/wedding/demo/?p=252</guid>
		<description></description>
		<content:encoded><![CDATA[Vestibulum at mauris massa. Aliquam eleifend augue ac ultricies elementum. Quisque quis mi eleifend, faucibus purus ac, volutpat nisi. Aenean lacus neque, bibendum vel ipsum sit amet, varius condimentum tellus. Mauris ex metus, venenatis in finibus sit amet, tempus sit amet turpis. Maecenas laoreet lorem ac placerat lobortis. Nulla at justo vel lectus dictum faucibus. Duis lobortis ipsum ultricies vehicula imperdiet. Proin vitae tempor massa. Morbi vitae leo vel nunc tempor placerat. Aenean dignissim interdum dui, at vehicula risus elementum vulputate.

Nulla risus justo, suscipit id faucibus in, mattis ut eros. Nam lacinia neque id ligula molestie, ut dignissim tortor fringilla ivamus et tellus metus raesent dignissim consequat tellus, sed accumsan purus finibus non. Vestibulum sed libero lacus. In laoreet vestibulum ante et volutpat. Integer imperdiet auctor dolor, ut consequat ligula posuere a. Etiam tincidunt, ipsum eget auctor bibendum, urna ex vestibulum lacus, sed semper ligula nibh vel risus. Quisque cursus leo vitae mattis posuere. Ut eget egestas ligula.

Donec libero erat, luctus eu pulvinar non, vestibulum eu turpis. Nullam hendrerit ipsum in augue semper faucibus. Pellentesque tellus nulla, varius vitae accumsan quis, tincidunt eu nisl. Nunc euismod venenatis libero a laoreet. Aliquam lorem urna, posuere sit amet consequat non, commodo ut libero. Fusce maximus molestie justo non pellentesque. Suspendisse eu tortor hendrerit ipsum hendrerit laoreet vitae sed orci. Sed et vulputate urna, et euismod odio.]]></content:encoded>
		<excerpt:encoded><![CDATA[]]></excerpt:encoded>
		<wp:post_id>252</wp:post_id>
		<wp:post_date><![CDATA[2016-05-26 04:51:10]]></wp:post_date>
		<wp:post_date_gmt><![CDATA[2016-05-26 04:51:10]]></wp:post_date_gmt>
		<wp:comment_status><![CDATA[open]]></wp:comment_status>
		<wp:ping_status><![CDATA[open]]></wp:ping_status>
		<wp:post_name><![CDATA[5-great-ways-to-personalize-your-wedding-decor]]></wp:post_name>
		<wp:status><![CDATA[publish]]></wp:status>
		<wp:post_parent>0</wp:post_parent>
		<wp:menu_order>0</wp:menu_order>
		<wp:post_type><![CDATA[post]]></wp:post_type>
		<wp:post_password><![CDATA[]]></wp:post_password>
		<wp:is_sticky>0</wp:is_sticky>
		<category domain="post_tag" nicename="decoration"><![CDATA[decoration]]></category>
		<category domain="post_tag" nicename="wedding-decor"><![CDATA[wedding decor]]></category>
		<category domain="category" nicename="wedding-decoration"><![CDATA[wedding decoration]]></category>
		<wp:postmeta>
			<wp:meta_key><![CDATA[product_gallery]]></wp:meta_key>
			<wp:meta_value><![CDATA[[""]]]></wp:meta_value>
		</wp:postmeta>
	</item>
	<item>
		<title>Wedding Tips and Inspiration for Couple</title>
		<link>http://thegenius.co/wedding/demo/wedding-tips-and-inspiration-for-couple/</link>
		<pubDate>Thu, 26 May 2016 05:00:01 +0000</pubDate>
		<dc:creator><![CDATA[admin]]></dc:creator>
		<guid isPermaLink="false">http://thegenius.co/wedding/demo/?p=254</guid>
		<description></description>
		<content:encoded><![CDATA[Nullam consequat nulla ut turpis lobortis, vitae interdum magna tristique. Maecenas non consequat augue. Phasellus rhoncus vehicula erat a dignissim. Nam scelerisque rhoncus odio sit amet lacinia. Sed blandit, justo posuere facilisis blandit, lorem leo tristique mauris, ac ultricies enim erat eu arcu. Morbi at aliquam diam, sit amet commodo urna. Vestibulum ultrices consequat mattis. Integer quis erat sed nisl cursus lacinia quis vitae odio.

Suspendisse potenti vehicula tellus turpis, quis ultrices eros malesuada non. Nunc quis est nec eros viverra laoreet. Curabitur feugiat mauris tortor, nec viverra neque pharetra non. Duis congue, lorem at vestibulum mollis, ante dui fermentum massa, at faucibus nulla felis quis est. Nullam vitae sem quis velit malesuada pulvinar id et velit. Maecenas at justo vulputate vestibulum lacus vitae pharetra est.

Phasellus dignissim, leo vel sollicitudin consequat, libero quam interdum augue, eget elementum nibh ipsum sed neque. Vivamus et mauris tempus, semper risus viverra, feugiat lectus. Aenean arcu ligula, scelerisque consequat turpis nec, posuere ultricies dui. Nam tincidunt aliquam enim, eget varius magna imperdiet ac. Class aptent taciti sociosqu ad litora torquent per conubia nostra, per inceptos himenaeos. Nunc dolor augue, fermentum vel ullamcorper sed, rutrum id tellus. In hac habitasse platea dictumst. Cras vitae enim dapibus felis vulputate venenatis posuere vel est.

Proin in turpis ac ex vehicula efficitur. Aenean sed vestibulum neque, gravida gravida lacus. Vivamus laoreet bibendum placerat. Sed sit amet leo a massa vestibulum blandit eget a purus. Pellentesque faucibus imperdiet viverra. Sed in mauris dictum, vulputate turpis at, facilisis eros. Sed elit justo, mattis non lacus nec, tincidunt tincidunt nulla. Cras ultrices felis quam, quis elementum nunc tincidunt quis. Mauris consectetur quam ut leo sodales dignissim. Quisque dictum, mi eget vulputate pretium, dui neque vestibulum velit, in efficitur velit risus non magna. Sed nec dolor mi.]]></content:encoded>
		<excerpt:encoded><![CDATA[]]></excerpt:encoded>
		<wp:post_id>254</wp:post_id>
		<wp:post_date><![CDATA[2016-05-26 05:00:01]]></wp:post_date>
		<wp:post_date_gmt><![CDATA[2016-05-26 05:00:01]]></wp:post_date_gmt>
		<wp:comment_status><![CDATA[open]]></wp:comment_status>
		<wp:ping_status><![CDATA[open]]></wp:ping_status>
		<wp:post_name><![CDATA[wedding-tips-and-inspiration-for-couple]]></wp:post_name>
		<wp:status><![CDATA[publish]]></wp:status>
		<wp:post_parent>0</wp:post_parent>
		<wp:menu_order>0</wp:menu_order>
		<wp:post_type><![CDATA[post]]></wp:post_type>
		<wp:post_password><![CDATA[]]></wp:post_password>
		<wp:is_sticky>0</wp:is_sticky>
		<category domain="post_format" nicename="post-format-image"><![CDATA[Image]]></category>
		<category domain="post_tag" nicename="tips"><![CDATA[tips]]></category>
		<category domain="category" nicename="wedding-tips"><![CDATA[wedding tips]]></category>
		<category domain="post_tag" nicename="wedding-tips"><![CDATA[wedding tips]]></category>
		<wp:postmeta>
			<wp:meta_key><![CDATA[product_gallery]]></wp:meta_key>
			<wp:meta_value><![CDATA[[""]]]></wp:meta_value>
		</wp:postmeta>
		<wp:postmeta>
			<wp:meta_key><![CDATA[_thumbnail_id]]></wp:meta_key>
			<wp:meta_value><![CDATA[776]]></wp:meta_value>
		</wp:postmeta>
		<wp:comment>
			<wp:comment_id>2</wp:comment_id>
			<wp:comment_author><![CDATA[tanmay]]></wp:comment_author>
			<wp:comment_author_email><![CDATA[themachine0091@gmail.com]]></wp:comment_author_email>
			<wp:comment_author_url></wp:comment_author_url>
			<wp:comment_author_IP><![CDATA[103.1.102.184]]></wp:comment_author_IP>
			<wp:comment_date><![CDATA[2016-05-26 06:27:46]]></wp:comment_date>
			<wp:comment_date_gmt><![CDATA[2016-05-26 06:27:46]]></wp:comment_date_gmt>
			<wp:comment_content><![CDATA[it's nice wedding trip for new couple.]]></wp:comment_content>
			<wp:comment_approved><![CDATA[1]]></wp:comment_approved>
			<wp:comment_type><![CDATA[]]></wp:comment_type>
			<wp:comment_parent>0</wp:comment_parent>
			<wp:comment_user_id>0</wp:comment_user_id>
		</wp:comment>
	</item>
	<item>
		<title>24 Signs You&#039;ve Found Your Wedding Soul Mate Partnet</title>
		<link>http://thegenius.co/wedding/demo/24-signs-youve-found-your-wedding-soul-mate-partnet/</link>
		<pubDate>Thu, 26 May 2016 05:16:19 +0000</pubDate>
		<dc:creator><![CDATA[admin]]></dc:creator>
		<guid isPermaLink="false">http://thegenius.co/wedding/demo/?p=256</guid>
		<description></description>
		<content:encoded><![CDATA[Suspendisse potenti. Ut vehicula tellus turpis, quis ultrices eros malesuada non. Nunc quis est nec eros viverra laoreet. Curabitur feugiat mauris tortor, nec viverra neque pharetra non. Duis congue, lorem at vestibulum mollis, ante dui fermentum massa, at faucibus nulla felis quis est. Nullam vitae sem quis velit malesuada pulvinar id et velit. Maecenas at justo vulputate, vestibulum lacus vitae, pharetra est. Phasellus dignissim, leo vel sollicitudin consequat, libero quam interdum augue, eget elementum nibh ipsum sed neque. Vivamus et mauris tempus, semper risus viverra, feugiat lectus. Aenean arcu ligula, scelerisque consequat turpis nec, posuere ultricies dui. Nam tincidunt aliquam enim, eget varius magna imperdiet ac. Class aptent taciti sociosqu ad litora torquent per conubia nostra, per inceptos himenaeos. Nunc dolor augue, fermentum vel ullamcorper sed, rutrum id tellus. In hac habitasse platea dictumst. Cras vitae enim dapibus felis vulputate venenatis posuere vel est.

<strong>Proin in turpis ac ex vehicula efficitur.</strong> Aenean sed vestibulum neque, gravida gravida lacus. Vivamus laoreet bibendum placerat. Sed sit amet leo a massa vestibulum blandit eget a purus. Pellentesque faucibus imperdiet viverra. Sed in mauris dictum, vulputate turpis at, facilisis eros. Sed elit justo, mattis non lacus nec, tincidunt tincidunt nulla. Cras ultrices felis quam, quis elementum nunc tincidunt quis.
<blockquote>Mauris consectetur quam ut leo sodales dignissim. Quisque dictum, mi eget vulputate pretium, dui neque vestibulum velit, in efficitur velit risus non magna. Sed nec dolor mi.</blockquote>
Aliquam dapibus risus sit amet diam scelerisque facilisis. Vivamus placerat tellus lacus, in consectetur orci vestibulum non. Aenean auctor, ipsum ut porttitor tempus, lacus ante mollis lacus, in ultrices erat ante ut orci. Sed sed sollicitudin felis. <em>Suspendisse scelerisque, nulla id ultrices rhoncus, lectus nibh sollicitudin diam, vel laoreet libero enim in est.</em> Mauris vitae mattis enim, sit amet luctus nisi. Maecenas non velit auctor, eleifend neque sed, gravida odio. Mauris suscipit iaculis porta. Vivamus in ante tortor. Fusce vitae nulla odio. Proin in sodales magna. Nunc mattis vitae ex in porttitor.

Praesent maximus tempus laoreet. Mauris rhoncus luctus turpis at interdum. Proin elit ligula, dictum et erat quis, viverra interdum ligula. Cras a elit dignissim, accumsan tortor eu, congue ipsum. Maecenas a erat enim. In et sodales dolor. Ut tristique tristique mi quis auctor.]]></content:encoded>
		<excerpt:encoded><![CDATA[]]></excerpt:encoded>
		<wp:post_id>256</wp:post_id>
		<wp:post_date><![CDATA[2016-05-26 05:16:19]]></wp:post_date>
		<wp:post_date_gmt><![CDATA[2016-05-26 05:16:19]]></wp:post_date_gmt>
		<wp:comment_status><![CDATA[open]]></wp:comment_status>
		<wp:ping_status><![CDATA[open]]></wp:ping_status>
		<wp:post_name><![CDATA[24-signs-youve-found-your-wedding-soul-mate-partnet]]></wp:post_name>
		<wp:status><![CDATA[publish]]></wp:status>
		<wp:post_parent>0</wp:post_parent>
		<wp:menu_order>0</wp:menu_order>
		<wp:post_type><![CDATA[post]]></wp:post_type>
		<wp:post_password><![CDATA[]]></wp:post_password>
		<wp:is_sticky>0</wp:is_sticky>
		<category domain="post_format" nicename="post-format-image"><![CDATA[Image]]></category>
		<category domain="post_tag" nicename="wedding-concept"><![CDATA[wedding concept]]></category>
		<category domain="category" nicename="wedding-couple"><![CDATA[wedding couple]]></category>
		<wp:postmeta>
			<wp:meta_key><![CDATA[product_gallery]]></wp:meta_key>
			<wp:meta_value><![CDATA[[""]]]></wp:meta_value>
		</wp:postmeta>
		<wp:postmeta>
			<wp:meta_key><![CDATA[_thumbnail_id]]></wp:meta_key>
			<wp:meta_value><![CDATA[776]]></wp:meta_value>
		</wp:postmeta>
		<wp:comment>
			<wp:comment_id>3</wp:comment_id>
			<wp:comment_author><![CDATA[anita]]></wp:comment_author>
			<wp:comment_author_email><![CDATA[adparmar.2010@gmail.com]]></wp:comment_author_email>
			<wp:comment_author_url></wp:comment_author_url>
			<wp:comment_author_IP><![CDATA[103.1.102.184]]></wp:comment_author_IP>
			<wp:comment_date><![CDATA[2016-05-26 06:25:06]]></wp:comment_date>
			<wp:comment_date_gmt><![CDATA[2016-05-26 06:25:06]]></wp:comment_date_gmt>
			<wp:comment_content><![CDATA[nice inspiration for wedding life]]></wp:comment_content>
			<wp:comment_approved><![CDATA[1]]></wp:comment_approved>
			<wp:comment_type><![CDATA[]]></wp:comment_type>
			<wp:comment_parent>0</wp:comment_parent>
			<wp:comment_user_id>0</wp:comment_user_id>
		</wp:comment>
	</item>
	<item>
		<title>Rajasthan Destination Palace Wedding</title>
		<link>http://thegenius.co/wedding/demo/rajasthan-destination-palace-wedding/</link>
		<pubDate>Thu, 26 May 2016 05:26:14 +0000</pubDate>
		<dc:creator><![CDATA[admin]]></dc:creator>
		<guid isPermaLink="false">http://thegenius.co/wedding/demo/?p=263</guid>
		<description></description>
		<content:encoded><![CDATA[Suspendisse potenti. Ut vehicula tellus turpis, quis ultrices eros malesuada non. Nunc quis est nec eros viverra laoreet. Curabitur feugiat mauris tortor, nec viverra neque pharetra non. Duis congue, lorem at vestibulum mollis, ante dui fermentum massa, at faucibus nulla felis quis est. Nullam vitae sem quis velit malesuada pulvinar id et velit. Maecenas at justo vulputate, vestibulum lacus vitae, pharetra est. Phasellus dignissim, leo vel sollicitudin consequat, libero quam interdum augue, eget elementum nibh ipsum sed neque. Vivamus et mauris tempus, semper risus viverra, feugiat lectus. <img class="size-medium wp-image-777 alignleft" src="http://thegenius.co/wedding/demo/wp-content/uploads/2016/06/location-pic-demo-300x183.jpg" alt="location-pic-demo" width="300" height="183" />Aenean arcu ligula, scelerisque consequat turpis nec, posuere ultricies dui. Nam tincidunt aliquam enim, eget varius magna imperdiet ac. Class aptent taciti sociosqu ad litora torquent per conubia nostra, per inceptos himenaeos. Nunc dolor augue, fermentum vel ullamcorper sed, rutrum id tellus. In hac habitasse platea dictumst. Cras vitae enim dapibus felis vulputate venenatis posuere vel est.

Proin in turpis ac ex vehicula efficitur. Aenean sed vestibulum neque, gravida gravida lacus. Vivamus laoreet bibendum placerat. Sed sit amet leo a massa vestibulum blandit eget a purus. Pellentesque faucibus imperdiet viverra. Sed in mauris dictum, vulputate turpis at, facilisis eros. Sed elit justo, mattis non lacus nec, tincidunt tincidunt nulla. Cras ultrices felis quam, quis elementum nunc tincidunt quis. Mauris consectetur quam ut leo sodales dignissim. Quisque dictum, mi eget vulputate pretium, dui neque vestibulum velit, in efficitur velit risus non magna. Sed nec dolor mi.

Aliquam dapibus risus sit amet diam scelerisque facilisis. Vivamus placerat tellus lacus, in consectetur orci vestibulum non. Aenean auctor, ipsum ut porttitor tempus, lacus ante mollis lacus, in ultrices erat ante ut orci. Sed sed sollicitudin felis. Suspendisse scelerisque, nulla id ultrices rhoncus, lectus nibh sollicitudin diam, vel laoreet libero enim in est. Mauris vitae mattis enim, sit amet luctus nisi. Maecenas non velit auctor, eleifend neque sed, gravida odio. <img class="size-medium wp-image-777 alignright" src="http://thegenius.co/wedding/demo/wp-content/uploads/2016/06/location-pic-demo-300x183.jpg" alt="location-pic-demo" width="300" height="183" />Mauris suscipit iaculis porta. Vivamus in ante tortor. Fusce vitae nulla odio. Proin in sodales magna. Nunc mattis vitae ex in porttitor.

Praesent maximus tempus laoreet. Mauris rhoncus luctus turpis at interdum. Proin elit ligula, dictum et erat quis, viverra interdum ligula. Cras a elit dignissim, accumsan tortor eu, congue ipsum. Maecenas a erat enim. In et sodales dolor. Ut tristique tristique mi quis auctor.

Suspendisse potenti. Ut vehicula tellus turpis, quis ultrices eros malesuada non. Nunc quis est nec eros viverra laore Nullam vitae sem quis velit malesuada pulvinar id et velit. Maecenas at justo vulputate, vestibulum lacus vitae, pharetra est. Phasellus dignissim, leo vel sollicitudin consequat, libero quam interdum augue, eget elementum nibh ipsum sed neque. Vivamus et mauris tempus, semper risus viverra, feugiat lectus. Aenean arcu ligula, scelerisque consequat turpis nec, posuere ultricies dui. Nam tincidunt aliquam enim, eget varius magna imperdiet ac. Class aptent taciti sociosqu ad litora torquent per conubia nostra, per inceptos himenaeos. Nunc dolor augue, fermentum vel ullamcorper sed, rutrum id tellus. In hac habitasse platea dictumst. Cras vitae enim dapibus felis vulputate venenatis posuere vel est.

Proin in turpis ac ex vehicula efficitur. Aenean sed vestibulum neque, gravida gravida lacus. Vivamus laoreet bibendum placerat. Sed sit amet leo a massa vestibulum blandit eget a purus. Pellentesque faucibus imperdiet viverra. Sed in mauris dictum, vulputate turpis at, facilisis eros. Sed elit justo, mattis non lacus nec, tincidunt tincidunt nulla. Cras ultrices felis quam, quis elementum nunc tincidunt quis. Mauris consectetur quam ut leo sodales dignissim.
<blockquote>Quisque dictum, mi eget vulputate pretium, dui neque vestibulum velit, in efficitur velit risus non magna. Sed nec dolor mi.</blockquote>
Aliquam dapibus risus sit amet diam scelerisque facilisis. Vivamus placerat tellus lacus, in consectetur orci vestibulum non. Aenean auctor, ipsum ut porttitor tempus, lacus ante mollis lacus, in ultrices erat ante ut orci. Sed sed sollicitudin felis. Suspendisse scelerisque, nulla id ultrices rhoncus, lectus nibh sollicitudin diam, vel laoreet libero enim in est. Mauris vitae mattis enim, sit amet luctus nisi. Maecenas non velit auctor, eleifend neque sed, gravida odio. Mauris suscipit iaculis porta. Vivamus in ante tortor. Fusce vitae nulla odio. Proin in sodales magna. Nunc mattis vitae ex in porttitor.

Praesent maximus tempus laoreet. Mauris rhoncus luctus turpis at interdum. Proin elit ligula, dictum et erat quis, viverra interdum ligula. Cras a elit dignissim, accumsan tortor eu, congue ipsum. Maecenas a erat enim. In et sodales dolor. Ut tristique tristique mi quis auctor.]]></content:encoded>
		<excerpt:encoded><![CDATA[]]></excerpt:encoded>
		<wp:post_id>263</wp:post_id>
		<wp:post_date><![CDATA[2016-05-26 05:26:14]]></wp:post_date>
		<wp:post_date_gmt><![CDATA[2016-05-26 05:26:14]]></wp:post_date_gmt>
		<wp:comment_status><![CDATA[open]]></wp:comment_status>
		<wp:ping_status><![CDATA[open]]></wp:ping_status>
		<wp:post_name><![CDATA[rajasthan-destination-palace-wedding]]></wp:post_name>
		<wp:status><![CDATA[publish]]></wp:status>
		<wp:post_parent>0</wp:post_parent>
		<wp:menu_order>0</wp:menu_order>
		<wp:post_type><![CDATA[post]]></wp:post_type>
		<wp:post_password><![CDATA[]]></wp:post_password>
		<wp:is_sticky>1</wp:is_sticky>
		<category domain="post_format" nicename="post-format-image"><![CDATA[Image]]></category>
		<category domain="post_tag" nicename="wedding"><![CDATA[wedding]]></category>
		<category domain="category" nicename="wedding-trends"><![CDATA[wedding trends]]></category>
		<wp:postmeta>
			<wp:meta_key><![CDATA[product_gallery]]></wp:meta_key>
			<wp:meta_value><![CDATA[["777"]]]></wp:meta_value>
		</wp:postmeta>
		<wp:postmeta>
			<wp:meta_key><![CDATA[_thumbnail_id]]></wp:meta_key>
			<wp:meta_value><![CDATA[776]]></wp:meta_value>
		</wp:postmeta>
		<wp:comment>
			<wp:comment_id>4</wp:comment_id>
			<wp:comment_author><![CDATA[khushboo]]></wp:comment_author>
			<wp:comment_author_email><![CDATA[khushdarji10@gmail.com]]></wp:comment_author_email>
			<wp:comment_author_url></wp:comment_author_url>
			<wp:comment_author_IP><![CDATA[103.1.102.184]]></wp:comment_author_IP>
			<wp:comment_date><![CDATA[2016-05-26 06:25:05]]></wp:comment_date>
			<wp:comment_date_gmt><![CDATA[2016-05-26 06:25:05]]></wp:comment_date_gmt>
			<wp:comment_content><![CDATA[its very nice palace..its beautiful for enjoy wedding receptions.]]></wp:comment_content>
			<wp:comment_approved><![CDATA[1]]></wp:comment_approved>
			<wp:comment_type><![CDATA[]]></wp:comment_type>
			<wp:comment_parent>0</wp:comment_parent>
			<wp:comment_user_id>0</wp:comment_user_id>
		</wp:comment>
		<wp:comment>
			<wp:comment_id>5</wp:comment_id>
			<wp:comment_author><![CDATA[admin]]></wp:comment_author>
			<wp:comment_author_email><![CDATA[udayraj.mscit@gmail.com]]></wp:comment_author_email>
			<wp:comment_author_url></wp:comment_author_url>
			<wp:comment_author_IP><![CDATA[103.1.102.184]]></wp:comment_author_IP>
			<wp:comment_date><![CDATA[2016-05-26 06:28:29]]></wp:comment_date>
			<wp:comment_date_gmt><![CDATA[2016-05-26 06:28:29]]></wp:comment_date_gmt>
			<wp:comment_content><![CDATA[Thanks a lot.]]></wp:comment_content>
			<wp:comment_approved><![CDATA[1]]></wp:comment_approved>
			<wp:comment_type><![CDATA[]]></wp:comment_type>
			<wp:comment_parent>4</wp:comment_parent>
			<wp:comment_user_id>0</wp:comment_user_id>
		</wp:comment>
	</item>
	<item>
		<title>Top 10 Wedding Cake - Sweet Treats Cake for Couple</title>
		<link>http://thegenius.co/wedding/demo/top-10-wedding-cake-sweet-treats-cake-for-couple/</link>
		<pubDate>Thu, 26 May 2016 06:06:36 +0000</pubDate>
		<dc:creator><![CDATA[admin]]></dc:creator>
		<guid isPermaLink="false">http://thegenius.co/wedding/demo/?p=268</guid>
		<description></description>
		<content:encoded><![CDATA[Donec ut sagittis arcu. Mauris sollicitudin nisl tortor. In mauris magna, egestas finibus hendrerit et, ornare vel enim. Praesent non sapien accumsan, egestas dolor non, scelerisque risus. Quisque vel purus erat. Aliquam blandit nec nisi eget consectetur. Fusce auctor eleifend lorem. Etiam vel lorem vel erat lacinia tristique. Maecenas pellentesque felis eu nisl lacinia, ac mattis orci hendrerit. Cum sociis natoque penatibus et magnis dis parturient montes, nascetur ridiculus mus.
<ol>
 	<li>Integer faucibus elit non sem vulputate, id malesuada justo pellentesque. Sed pulvinar tellus augue, vitae rutrum risus varius quis. In vel auctor turpis. Sed quis ex id ligula commodo mollis. Nunc feugiat, orci a tincidunt sagittis, sem felis egestas dolor, in gravida sem dolor in nibh. Praesent sodales dolor et porttitor egestas. Donec sagittis ultrices sollicitudin. Vivamus accumsan elementum augue, id malesuada orci faucibus at.</li>
 	<li>Nullam consequat nulla ut turpis lobortis, vitae interdum magna tristique. Maecenas non consequat augue. Phasellus rhoncus vehicula erat a dignissim. Nam scelerisque rhoncus odio sit amet lacinia. Sed blandit, justo posuere facilisis blandit, lorem leo tristique mauris, ac ultricies enim erat eu arcu. Morbi at aliquam diam, sit amet commodo urna. Vestibulum ultrices consequat mattis. Integer quis erat sed nisl cursus lacinia quis vitae odio.</li>
 	<li>Nam accumsan aliquet nunc, quis volutpat erat ultrices in. Morbi in mattis orci, sed tempus turpis. Phasellus risus justo, bibendum sit amet risus vitae, porta malesuada turpis. Fusce non mattis diam. Nullam egestas tellus sed nibh aliquam luctus. Praesent malesuada dictum ante, non lacinia tellus efficitur sit amet.</li>
 	<li>Aenean arcu ligula, scelerisque consequat turpis nec, posuere ultricies dui. Nam tincidunt aliquam enim, eget varius magna imperdiet ac.Quisque dictum, mi eget vulputate pretium, dui neque vestibulum velit, in efficitur velit risus non magna. Sed nec dolor mi.</li>
 	<li>Quisque dictum, mi eget vulputate pretium, dui neque vestibulum velit, in efficitur velit risus non magna. Sed nec dolor mi.Quisque dictum, mi eget vulputate pretium, dui neque vestibulum velit, in efficitur velit risus non magna. Sed nec dolor mi.</li>
 	<li>Mauris suscipit iaculis porta. Vivamus in ante tortor. Fusce vitae nulla odio. Proin in sodales magna. Nunc mattis vitae ex in porttitor.</li>
 	<li>Class aptent taciti sociosqu ad litora torquent per conubia nostra, per inceptos himenaeos. Nunc dolor augue, fermentum vel ullamcorper sed, rutrum id tellus. In hac habitasse platea dictumst. Cras vitae enim dapibus felis vulputate venenatis posuere vel est.</li>
 	<li>Maecenas at justo vulputate, vestibulum lacus vitae, pharetra est. Phasellus dignissim, leo vel sollicitudin consequat, libero quam interdum augue, eget elementum nibh ipsum sed neque. Vivamus et mauris tempus, semper risus viverra, feugiat lectus.</li>
 	<li>Maecenas non consequat augue. Phasellus rhoncus vehicula erat a dignissim. Nam scelerisque rhoncus odio sit amet lacinia. Sed blandit, justo posuere facilisis blandit, lorem leo tristique mauris, ac ultricies enim erat eu arcu. Morbi at aliquam diam, sit amet commodo urna. Vestibulum ultrices consequat mattis. Integer quis erat sed nisl cursus lacinia quis vitae odio.</li>
 	<li>Morbi in mattis orci, sed tempus turpis. Phasellus risus justo, bibendum sit amet risus vitae, porta malesuada turpis. Fusce non mattis diam.</li>
</ol>
Morbi in mattis orci, sed tempus turpis. Phasellus risus justo, bibendum sit amet risus vitae, porta malesuada turpis. Fusce non mattis diam. Nullam egestas tellus sed nibh aliquam luctus. Praesent malesuada dictum ante, non lacinia tellus efficitur sit amet.

Nullam consequat nulla ut turpis lobortis, vitae interdum magna tristique. Maecenas non consequat augue. Phasellus rhoncus vehicula erat a dignissim. Nam scelerisque rhoncus odio sit amet lacinia. Sed blandit, justo posuere facilisis blandit, lorem leo tristique mauris, ac ultricies enim erat eu arcu. Morbi at aliquam diam, sit amet commodo urna. Vestibulum ultrices consequat mattis. Integer quis erat sed nisl cursus lacinia quis vitae odio.]]></content:encoded>
		<excerpt:encoded><![CDATA[]]></excerpt:encoded>
		<wp:post_id>268</wp:post_id>
		<wp:post_date><![CDATA[2016-05-26 06:06:36]]></wp:post_date>
		<wp:post_date_gmt><![CDATA[2016-05-26 06:06:36]]></wp:post_date_gmt>
		<wp:comment_status><![CDATA[open]]></wp:comment_status>
		<wp:ping_status><![CDATA[open]]></wp:ping_status>
		<wp:post_name><![CDATA[top-10-wedding-cake-sweet-treats-cake-for-couple]]></wp:post_name>
		<wp:status><![CDATA[publish]]></wp:status>
		<wp:post_parent>0</wp:post_parent>
		<wp:menu_order>0</wp:menu_order>
		<wp:post_type><![CDATA[post]]></wp:post_type>
		<wp:post_password><![CDATA[]]></wp:post_password>
		<wp:is_sticky>0</wp:is_sticky>
		<category domain="post_tag" nicename="cake"><![CDATA[cake]]></category>
		<category domain="post_format" nicename="post-format-image"><![CDATA[Image]]></category>
		<category domain="category" nicename="wedding-cake"><![CDATA[wedding cake]]></category>
		<wp:postmeta>
			<wp:meta_key><![CDATA[product_gallery]]></wp:meta_key>
			<wp:meta_value><![CDATA[[""]]]></wp:meta_value>
		</wp:postmeta>
		<wp:postmeta>
			<wp:meta_key><![CDATA[_thumbnail_id]]></wp:meta_key>
			<wp:meta_value><![CDATA[776]]></wp:meta_value>
		</wp:postmeta>
	</item>
</channel>
</rss>
